"SPECIES_NAME","GENUS","SPECIES_NAME_trimmed","full_species_name"
"Abietinella abietina","Abietinella","Abietinella abietina",TRUE
"Acaena novae-zelandiae","Acaena","Acaena novae-zelandiae",TRUE
"Achillea atrata","Achillea","Achillea atrata",TRUE
"Achillea millefolium","Achillea","Achillea millefolium",TRUE
"Achnatherum calamagrostis","Achnatherum","Achnatherum calamagrostis",TRUE
"Aconitum delphiniifolium","Aconitum","Aconitum delphiniifolium",TRUE
"Aconitum septentrionale","Aconitum","Aconitum septentrionale",TRUE
"Aconitum villosum","Aconitum","Aconitum villosum",TRUE
"Adoxa moschatellina","Adoxa","Adoxa moschatellina",TRUE
"Agrostis ","Agrostis","Agrostis",FALSE
"Agrostis canina","Agrostis","Agrostis canina",TRUE
"Agrostis capillaris","Agrostis","Agrostis capillaris",TRUE
"Agrostis mertensii","Agrostis","Agrostis mertensii",TRUE
"Agrostis rupestris","Agrostis","Agrostis rupestris",TRUE
"Agrostis stolonifera","Agrostis","Agrostis stolonifera",TRUE
"Agrostis vinealis","Agrostis","Agrostis vinealis",TRUE
"Ajania tenuifolia","Ajania","Ajania tenuifolia",TRUE
"Ajuga australis","Ajuga","Ajuga australis",TRUE
"Alchemilla","Alchemilla","Alchemilla",FALSE
"Alchemilla ","Alchemilla","Alchemilla",FALSE
"Alchemilla alpina","Alchemilla","Alchemilla alpina",TRUE
"Alchemilla caucasica","Alchemilla","Alchemilla caucasica",TRUE
"Alchemilla vulgaris","Alchemilla","Alchemilla vulgaris",TRUE
"Alectoria ","Alectoria","Alectoria",FALSE
"Alectoria ochroleuca","Alectoria","Alectoria ochroleuca",TRUE
"Allium geyeri","Allium","Allium geyeri",TRUE
"Allocetraria madreporiformis","Allocetraria","Allocetraria madreporiformis",TRUE
"Alopecurus","Alopecurus","Alopecurus",FALSE
"Alopecurus alpinus","Alopecurus","Alopecurus alpinus",TRUE
"Alopecurus magellanicus","Alopecurus","Alopecurus magellanicus",TRUE
"Alopecurus ovatus","Alopecurus","Alopecurus ovatus",TRUE
"Alopecurus pratensis","Alopecurus","Alopecurus pratensis",TRUE
"Anaphalis lactea","Anaphalis","Anaphalis lactea",TRUE
"Anastrophyllum","Anastrophyllum","Anastrophyllum",FALSE
"ANDBUN_UNK","ANDBUN_UNK","ANDBUN_UNK",FALSE
"Andromeda polifolia","Andromeda","Andromeda polifolia",TRUE
"Androsace chamaejasme","Androsace","Androsace chamaejasme",TRUE
"Androsace obtusifolia","Androsace","Androsace obtusifolia",TRUE
"Androsace ochotensis","Androsace","Androsace ochotensis",TRUE
"Androsace septentrionalis","Androsace","Androsace septentrionalis",TRUE
"Androsace triflora","Androsace","Androsace triflora",TRUE
"Anemonastrum narcissiflorum","Anemonastrum","Anemonastrum narcissiflorum",TRUE
"Anemonastrum richardsonii","Anemonastrum","Anemonastrum richardsonii",TRUE
"Anemone ","Anemone","Anemone",FALSE
"Anemone multifida","Anemone","Anemone multifida",TRUE
"Anemone obtusiloba","Anemone","Anemone obtusiloba",TRUE
"Anemone parviflora","Anemone","Anemone parviflora",TRUE
"Aneura pinguis","Aneura","Aneura pinguis",TRUE
"Angelica saxatilis","Angelica","Angelica saxatilis",TRUE
"Antennaria ","Antennaria","Antennaria",FALSE
"Antennaria alpina","Antennaria","Antennaria alpina",TRUE
"Antennaria canescens","Antennaria","Antennaria canescens",TRUE
"Antennaria dioica","Antennaria","Antennaria dioica",TRUE
"Antennaria friesiana","Antennaria","Antennaria friesiana",TRUE
"Antennaria lanata","Antennaria","Antennaria lanata",TRUE
"Antennaria media","Antennaria","Antennaria media",TRUE
"Antennaria monocephala","Antennaria","Antennaria monocephala",TRUE
"Antennaria rosea","Antennaria","Antennaria rosea",TRUE
"Anthelia julacea","Anthelia","Anthelia julacea",TRUE
"Anthelia juratzkana","Anthelia","Anthelia juratzkana",TRUE
"Anthemis cretica","Anthemis","Anthemis cretica",TRUE
"Anthoxanthum arcticum","Anthoxanthum","Anthoxanthum arcticum",TRUE
"Anthoxanthum monticola","Anthoxanthum","Anthoxanthum monticola",TRUE
"Anthoxanthum nipponicum","Anthoxanthum","Anthoxanthum nipponicum",TRUE
"Anthoxanthum nitens","Anthoxanthum","Anthoxanthum nitens",TRUE
"Anthoxanthum odoratum","Anthoxanthum","Anthoxanthum odoratum",TRUE
"Anthyllis vulneraria","Anthyllis","Anthyllis vulneraria",TRUE
"Aquilegia flabellata","Aquilegia","Aquilegia flabellata",TRUE
"Aquilonium plicatulum","Aquilonium","Aquilonium plicatulum",TRUE
"Arabidopsis lyrata","Arabidopsis","Arabidopsis lyrata",TRUE
"Arabis alpina","Arabis","Arabis alpina",TRUE
"Arabis caerulea","Arabis","Arabis caerulea",TRUE
"Arabis petraea","Arabis","Arabis petraea",TRUE
"Arabis soyeri","Arabis","Arabis soyeri",TRUE
"Arctagrostis latifolia","Arctagrostis","Arctagrostis latifolia",TRUE
"Arctoa glacialis","Arctoa","Arctoa glacialis",TRUE
"Arctoa starkei","Arctoa","Arctoa starkei",TRUE
"Arctoparmelia separata","Arctoparmelia","Arctoparmelia separata",TRUE
"Arctophila fulva","Arctophila","Arctophila fulva",TRUE
"Arctostaphylos ","Arctostaphylos","Arctostaphylos",FALSE
"Arctostaphylos alpinus","Arctostaphylos","Arctostaphylos alpinus",TRUE
"Arctostaphylos rubra","Arctostaphylos","Arctostaphylos rubra",TRUE
"Arctostaphylos uva-ursi","Arctostaphylos","Arctostaphylos uva-ursi",TRUE
"Arenaria biflora","Arenaria","Arenaria biflora",TRUE
"Arenaria lychnidea","Arenaria","Arenaria lychnidea",TRUE
"Arenaria norvegica","Arenaria","Arenaria norvegica",TRUE
"Arenaria pseudofrigida","Arenaria","Arenaria pseudofrigida",TRUE
"Argentina anserina","Argentina","Argentina anserina",TRUE
"Argyrotegium fordianum","Argyrotegium","Argyrotegium fordianum",TRUE
"Argyrotegium nitidulum","Argyrotegium","Argyrotegium nitidulum",TRUE
"Armeria maritima","Armeria","Armeria maritima",TRUE
"Arnica ","Arnica","Arnica",FALSE
"Arnica alpina","Arnica","Arnica alpina",TRUE
"Arnica angustifolia","Arnica","Arnica angustifolia",TRUE
"Arnica griscomii","Arnica","Arnica griscomii",TRUE
"Arnica lessingii","Arnica","Arnica lessingii",TRUE
"Artemisia arctica","Artemisia","Artemisia arctica",TRUE
"Artemisia borealis","Artemisia","Artemisia borealis",TRUE
"Artemisia glomerata","Artemisia","Artemisia glomerata",TRUE
"Artemisia norvegica","Artemisia","Artemisia norvegica",TRUE
"Artemisia scopulorum","Artemisia","Artemisia scopulorum",TRUE
"Artemisia tridentata","Artemisia","Artemisia tridentata",TRUE
"Asahinea chrysantha","Asahinea","Asahinea chrysantha",TRUE
"Asperula gunnii","Asperula","Asperula gunnii",TRUE
"Aspicilia armeniaca","Aspicilia","Aspicilia armeniaca",TRUE
"Aster alpinus","Aster","Aster alpinus",TRUE
"Aster sibiricus","Aster","Aster sibiricus",TRUE
"Asterolasia trymalioides","Asterolasia","Asterolasia trymalioides",TRUE
"Astragalus ","Astragalus","Astragalus",FALSE
"Astragalus alpinus","Astragalus","Astragalus alpinus",TRUE
"Astragalus eucosmus","Astragalus","Astragalus eucosmus",TRUE
"Astragalus frigidus","Astragalus","Astragalus frigidus",TRUE
"Astragalus umbellatus","Astragalus","Astragalus umbellatus",TRUE
"Aulacomnium ","Aulacomnium","Aulacomnium",FALSE
"Aulacomnium acuminatum","Aulacomnium","Aulacomnium acuminatum",TRUE
"Aulacomnium palustre","Aulacomnium","Aulacomnium palustre",TRUE
"Aulacomnium turgidum","Aulacomnium","Aulacomnium turgidum",TRUE
"Australopyrum velutinum","Australopyrum","Australopyrum velutinum",TRUE
"Austrodanthonia nivicola","Austrodanthonia","Austrodanthonia nivicola",TRUE
"Austrolycopodium fastigiatum","Austrolycopodium","Austrolycopodium fastigiatum",TRUE
"Avenella flexuosa","Avenella","Avenella flexuosa",TRUE
"Barbilophozia","Barbilophozia","Barbilophozia",FALSE
"Barbilophozia ","Barbilophozia","Barbilophozia",FALSE
"Barbilophozia hatcheri","Barbilophozia","Barbilophozia hatcheri",TRUE
"Barbilophozia lycopodioides","Barbilophozia","Barbilophozia lycopodioides",TRUE
"Barbula ","Barbula","Barbula",FALSE
"Bare soil","Bare","Bare soil",TRUE
"Bartramia ithyphylla","Bartramia","Bartramia ithyphylla",TRUE
"Bartsia alpina","Bartsia","Bartsia alpina",TRUE
"Betula glandulosa","Betula","Betula glandulosa",TRUE
"Betula nana","Betula","Betula nana",TRUE
"Betula pubescens","Betula","Betula pubescens",TRUE
"Bistorta bistortoides","Bistorta","Bistorta bistortoides",TRUE
"Bistorta ochotensis","Bistorta","Bistorta ochotensis",TRUE
"Bistorta vivipara","Bistorta","Bistorta vivipara",TRUE
"Blastenia ammiospila","Blastenia","Blastenia ammiospila",TRUE
"Blepharostoma trichophyllum","Blepharostoma","Blepharostoma trichophyllum",TRUE
"Boii","Boii","Boii",FALSE
"Bossiaea foliosa","Bossiaea","Bossiaea foliosa",TRUE
"Botrychium lunaria","Botrychium","Botrychium lunaria",TRUE
"Boykinia richardsonii","Boykinia","Boykinia richardsonii",TRUE
"Brachyscome ","Brachyscome","Brachyscome",FALSE
"Brachyscome decipiens","Brachyscome","Brachyscome decipiens",TRUE
"Brachythecium","Brachythecium","Brachythecium",FALSE
"Brachythecium ","Brachythecium","Brachythecium",FALSE
"Brachythecium cirrosum","Brachythecium","Brachythecium cirrosum",TRUE
"Brachythecium salebrosum","Brachythecium","Brachythecium salebrosum",TRUE
"Brachythecium turgidum","Brachythecium","Brachythecium turgidum",TRUE
"Braya purpurascens","Braya","Braya purpurascens",TRUE
"Brideliella wahlenbergii","Brideliella","Brideliella wahlenbergii",TRUE
"Bromus pumpellianus","Bromus","Bromus pumpellianus",TRUE
"Bryanthus musciformis","Bryanthus","Bryanthus musciformis",TRUE
"Bryocaulon","Bryocaulon","Bryocaulon",FALSE
"Bryocaulon ","Bryocaulon","Bryocaulon",FALSE
"Bryocaulon divergens","Bryocaulon","Bryocaulon divergens",TRUE
"Bryoerythrophyllum recurvirostrum","Bryoerythrophyllum","Bryoerythrophyllum recurvirostrum",TRUE
"Bryophyte ","Bryophyte","Bryophyte",FALSE
"Bryoria nitidula","Bryoria","Bryoria nitidula",TRUE
"Bryum","Bryum","Bryum",FALSE
"Bryum ","Bryum","Bryum",FALSE
"Bryum argenteum","Bryum","Bryum argenteum",TRUE
"Bryum veronense","Bryum","Bryum veronense",TRUE
"Bupleurum americanum","Bupleurum","Bupleurum americanum",TRUE
"Bupleurum condensatum","Bupleurum","Bupleurum condensatum",TRUE
"Bupleurum euphorbioides","Bupleurum","Bupleurum euphorbioides",TRUE
"Bupleurum triradiatum","Bupleurum","Bupleurum triradiatum",TRUE
"Calamagrostis ","Calamagrostis","Calamagrostis",FALSE
"Calamagrostis arundinacea","Calamagrostis","Calamagrostis arundinacea",TRUE
"Calamagrostis canadensis","Calamagrostis","Calamagrostis canadensis",TRUE
"Calamagrostis canescens","Calamagrostis","Calamagrostis canescens",TRUE
"Calamagrostis holmii","Calamagrostis","Calamagrostis holmii",TRUE
"Calamagrostis inexpansa","Calamagrostis","Calamagrostis inexpansa",TRUE
"Calamagrostis lapponica","Calamagrostis","Calamagrostis lapponica",TRUE
"Calamagrostis purpurascens","Calamagrostis","Calamagrostis purpurascens",TRUE
"Calamagrostis purpurea","Calamagrostis","Calamagrostis purpurea",TRUE
"Calamagrostis stricta","Calamagrostis","Calamagrostis stricta",TRUE
"Calamagrostis villosa","Calamagrostis","Calamagrostis villosa",TRUE
"Calliergon","Calliergon","Calliergon",FALSE
"Calliergon cordifolium","Calliergon","Calliergon cordifolium",TRUE
"Calliergon giganteum","Calliergon","Calliergon giganteum",TRUE
"Calliergon richardsonii","Calliergon","Calliergon richardsonii",TRUE
"Calluna vulgaris","Calluna","Calluna vulgaris",TRUE
"Caloplaca","Caloplaca","Caloplaca",FALSE
"Caloplaca ","Caloplaca","Caloplaca",FALSE
"Caloplaca cerina","Caloplaca","Caloplaca cerina",TRUE
"Caltha leptosepala","Caltha","Caltha leptosepala",TRUE
"Caltha palustris","Caltha","Caltha palustris",TRUE
"Calypogeia ","Calypogeia","Calypogeia",FALSE
"Campanula","Campanula","Campanula",FALSE
"Campanula collina","Campanula","Campanula collina",TRUE
"Campanula dasyantha","Campanula","Campanula dasyantha",TRUE
"Campanula glomerata","Campanula","Campanula glomerata",TRUE
"Campanula lasiocarpa","Campanula","Campanula lasiocarpa",TRUE
"Campanula rotundifolia","Campanula","Campanula rotundifolia",TRUE
"Campanula scheuchzeri","Campanula","Campanula scheuchzeri",TRUE
"Campanula tridentata","Campanula","Campanula tridentata",TRUE
"Campanula uniflora","Campanula","Campanula uniflora",TRUE
"Campylium","Campylium","Campylium",FALSE
"Campylium ","Campylium","Campylium",FALSE
"Campylium bambergeri","Campylium","Campylium bambergeri",TRUE
"Campylium stellatum","Campylium","Campylium stellatum",TRUE
"Cardamine","Cardamine","Cardamine",FALSE
"Cardamine ","Cardamine","Cardamine",FALSE
"Cardamine bellidifolia","Cardamine","Cardamine bellidifolia",TRUE
"Cardamine digitata","Cardamine","Cardamine digitata",TRUE
"Cardamine nymanii","Cardamine","Cardamine nymanii",TRUE
"Cardamine pratensis","Cardamine","Cardamine pratensis",TRUE
"Carex","Carex","Carex",FALSE
"Carex ","Carex","Carex",FALSE
"Carex alatauensis","Carex","Carex alatauensis",TRUE
"Carex albonigra","Carex","Carex albonigra",TRUE
"Carex aquatilis","Carex","Carex aquatilis",TRUE
"Carex aquatilis × bigelowii","Carex","Carex aquatilis × bigelowii",TRUE
"Carex arctica","Carex","Carex arctica",TRUE
"Carex atrata","Carex","Carex atrata",TRUE
"Carex atrofusca","Carex","Carex atrofusca",TRUE
"Carex bigelowii","Carex","Carex bigelowii",TRUE
"Carex borealipolaris","Carex","Carex borealipolaris",TRUE
"Carex brevipes","Carex","Carex brevipes",TRUE
"Carex brunnescens","Carex","Carex brunnescens",TRUE
"Carex canescens","Carex","Carex canescens",TRUE
"Carex capillaris","Carex","Carex capillaris",TRUE
"Carex capillifolia","Carex","Carex capillifolia",TRUE
"Carex capitata","Carex","Carex capitata",TRUE
"Carex chalciolepis","Carex","Carex chalciolepis",TRUE
"Carex chordorrhiza","Carex","Carex chordorrhiza",TRUE
"Carex curvula","Carex","Carex curvula",TRUE
"Carex dioica","Carex","Carex dioica",TRUE
"Carex eleusinoides","Carex","Carex eleusinoides",TRUE
"Carex elynoides","Carex","Carex elynoides",TRUE
"Carex flacca","Carex","Carex flacca",TRUE
"Carex flava","Carex","Carex flava",TRUE
"Carex flavocuspis","Carex","Carex flavocuspis",TRUE
"Carex fuliginosa","Carex","Carex fuliginosa",TRUE
"Carex glacialis","Carex","Carex glacialis",TRUE
"Carex gynocrates","Carex","Carex gynocrates",TRUE
"Carex haydeniana","Carex","Carex haydeniana",TRUE
"Carex heteroneura","Carex","Carex heteroneura",TRUE
"Carex krausei","Carex","Carex krausei",TRUE
"Carex lachenalii","Carex","Carex lachenalii",TRUE
"Carex limosa","Carex","Carex limosa",TRUE
"Carex lyngbyei","Carex","Carex lyngbyei",TRUE
"Carex magellanica","Carex","Carex magellanica",TRUE
"Carex marina","Carex","Carex marina",TRUE
"Carex maritima","Carex","Carex maritima",TRUE
"Carex membranacea","Carex","Carex membranacea",TRUE
"Carex microchaeta","Carex","Carex microchaeta",TRUE
"Carex microglochin","Carex","Carex microglochin",TRUE
"Carex myosuroides","Carex","Carex myosuroides",TRUE
"Carex nardina","Carex","Carex nardina",TRUE
"Carex nelsonii","Carex","Carex nelsonii",TRUE
"Carex nigra","Carex","Carex nigra",TRUE
"Carex nigricans","Carex","Carex nigricans",TRUE
"Carex nodaeana","Carex","Carex nodaeana",TRUE
"Carex norvegica","Carex","Carex norvegica",TRUE
"Carex obtusata","Carex","Carex obtusata",TRUE
"Carex oreophila","Carex","Carex oreophila",TRUE
"Carex panicea","Carex","Carex panicea",TRUE
"Carex parallela","Carex","Carex parallela",TRUE
"Carex parviflora","Carex","Carex parviflora",TRUE
"Carex perglobosa","Carex","Carex perglobosa",TRUE
"Carex phaeocephala","Carex","Carex phaeocephala",TRUE
"Carex pilulifera","Carex","Carex pilulifera",TRUE
"Carex pyrenaica","Carex","Carex pyrenaica",TRUE
"Carex rariflora","Carex","Carex rariflora",TRUE
"Carex rostrata","Carex","Carex rostrata",TRUE
"Carex rotundata","Carex","Carex rotundata",TRUE
"Carex rupestris","Carex","Carex rupestris",TRUE
"Carex saxatilis","Carex","Carex saxatilis",TRUE
"Carex scirpoidea","Carex","Carex scirpoidea",TRUE
"Carex scopulorum","Carex","Carex scopulorum",TRUE
"Carex sempervirens","Carex","Carex sempervirens",TRUE
"Carex simpliciuscula","Carex","Carex simpliciuscula",TRUE
"Carex siroumensis","Carex","Carex siroumensis",TRUE
"Carex stenantha","Carex","Carex stenantha",TRUE
"Carex subspathacea","Carex","Carex subspathacea",TRUE
"Carex supina","Carex","Carex supina",TRUE
"Carex umbrosa","Carex","Carex umbrosa",TRUE
"Carex vaginata","Carex","Carex vaginata",TRUE
"Carex vesicaria","Carex","Carex vesicaria",TRUE
"Carex williamsii","Carex","Carex williamsii",TRUE
"Carum caucasicum","Carum","Carum caucasicum",TRUE
"Carum meifolium","Carum","Carum meifolium",TRUE
"Cassiope tetragona","Cassiope","Cassiope tetragona",TRUE
"Castilleja occidentalis","Castilleja","Castilleja occidentalis",TRUE
"Catabrosella variegata","Catabrosella","Catabrosella variegata",TRUE
"Catoscopium nigritum","Catoscopium","Catoscopium nigritum",TRUE
"Celmisia pugioniformis","Celmisia","Celmisia pugioniformis",TRUE
"Cephaloziella","Cephaloziella","Cephaloziella",FALSE
"Cephaloziella varians","Cephaloziella","Cephaloziella varians",TRUE
"Cerastium","Cerastium","Cerastium",FALSE
"Cerastium alpinum","Cerastium","Cerastium alpinum",TRUE
"Cerastium arcticum","Cerastium","Cerastium arcticum",TRUE
"Cerastium arvense","Cerastium","Cerastium arvense",TRUE
"Cerastium beeringianum","Cerastium","Cerastium beeringianum",TRUE
"Cerastium elongatum","Cerastium","Cerastium elongatum",TRUE
"Cerastium fontanum","Cerastium","Cerastium fontanum",TRUE
"Cerastium glomeratum","Cerastium","Cerastium glomeratum",TRUE
"Cerastium purpurascens","Cerastium","Cerastium purpurascens",TRUE
"Cerastium regelii","Cerastium","Cerastium regelii",TRUE
"Cerastium_regelii","Cerastium_regelii","Cerastium_regelii",FALSE
"Ceratodon purpureus","Ceratodon","Ceratodon purpureus",TRUE
"Cetraria","Cetraria","Cetraria",FALSE
"Cetraria ","Cetraria","Cetraria",FALSE
"Cetraria aculeata","Cetraria","Cetraria aculeata",TRUE
"Cetraria andrejevii","Cetraria","Cetraria andrejevii",TRUE
"Cetraria cornuta","Cetraria","Cetraria cornuta",TRUE
"Cetraria ericetorum","Cetraria","Cetraria ericetorum",TRUE
"Cetraria islandica","Cetraria","Cetraria islandica",TRUE
"Cetraria laevigata","Cetraria","Cetraria laevigata",TRUE
"Cetraria muricata","Cetraria","Cetraria muricata",TRUE
"Cetraria nigricans","Cetraria","Cetraria nigricans",TRUE
"Cetraria that is brown","Cetraria","Cetraria that is brown",TRUE
"Cetrariella delisei","Cetrariella","Cetrariella delisei",TRUE
"Cetrariella fastigiata","Cetrariella","Cetrariella fastigiata",TRUE
"Chaerophyllum eriopodum","Chaerophyllum","Chaerophyllum eriopodum",TRUE
"Chamaenerion angustifolium","Chamaenerion","Chamaenerion angustifolium",TRUE
"Chamaenerion latifolium","Chamaenerion","Chamaenerion latifolium",TRUE
"Chamorchis alpina","Chamorchis","Chamorchis alpina",TRUE
"Cherleria arctica","Cherleria","Cherleria arctica",TRUE
"Cherleria biflora","Cherleria","Cherleria biflora",TRUE
"Cherleria circassica","Cherleria","Cherleria circassica",TRUE
"Cherleria obtusiloba","Cherleria","Cherleria obtusiloba",TRUE
"Chiloscyphus pallescens","Chiloscyphus","Chiloscyphus pallescens",TRUE
"Chionophila jamesii","Chionophila","Chionophila jamesii",TRUE
"Chrysanthemum oreastrum","Chrysanthemum","Chrysanthemum oreastrum",TRUE
"Chrysosplenium tetrandrum","Chrysosplenium","Chrysosplenium tetrandrum",TRUE
"Cinclidium latifolium","Cinclidium","Cinclidium latifolium",TRUE
"Cinclidium subrotundum","Cinclidium","Cinclidium subrotundum",TRUE
"Cinna latifolia","Cinna","Cinna latifolia",TRUE
"Cirsium","Cirsium","Cirsium",FALSE
"Cirsium helenioides","Cirsium","Cirsium helenioides",TRUE
"Cladina","Cladina","Cladina",FALSE
"Cladina ","Cladina","Cladina",FALSE
"Cladina (brown)","Cladina","Cladina (brown)",TRUE
"Cladina mitis","Cladina","Cladina mitis",TRUE
"Cladonia","Cladonia","Cladonia",FALSE
"Cladonia ","Cladonia","Cladonia",FALSE
"Cladonia amaurocraea","Cladonia","Cladonia amaurocraea",TRUE
"Cladonia arbuscula","Cladonia","Cladonia arbuscula",TRUE
"Cladonia bellidiflora","Cladonia","Cladonia bellidiflora",TRUE
"Cladonia borealis","Cladonia","Cladonia borealis",TRUE
"Cladonia carneola","Cladonia","Cladonia carneola",TRUE
"Cladonia cenotea","Cladonia","Cladonia cenotea",TRUE
"Cladonia chlorophaea","Cladonia","Cladonia chlorophaea",TRUE
"Cladonia coccifera","Cladonia","Cladonia coccifera",TRUE
"Cladonia cornuta","Cladonia","Cladonia cornuta",TRUE
"Cladonia crispata","Cladonia","Cladonia crispata",TRUE
"Cladonia crustose","Cladonia","Cladonia crustose",TRUE
"Cladonia cucullata","Cladonia","Cladonia cucullata",TRUE
"Cladonia cyanipes","Cladonia","Cladonia cyanipes",TRUE
"Cladonia cyathomorpha","Cladonia","Cladonia cyathomorpha",TRUE
"Cladonia deformis","Cladonia","Cladonia deformis",TRUE
"Cladonia diversa","Cladonia","Cladonia diversa",TRUE
"Cladonia ecmocyna","Cladonia","Cladonia ecmocyna",TRUE
"Cladonia fimbriata","Cladonia","Cladonia fimbriata",TRUE
"Cladonia floerkeana","Cladonia","Cladonia floerkeana",TRUE
"Cladonia furcata","Cladonia","Cladonia furcata",TRUE
"Cladonia gracilis","Cladonia","Cladonia gracilis",TRUE
"Cladonia grayi","Cladonia","Cladonia grayi",TRUE
"Cladonia macrophylla","Cladonia","Cladonia macrophylla",TRUE
"Cladonia merochlorophaea","Cladonia","Cladonia merochlorophaea",TRUE
"Cladonia mitis","Cladonia","Cladonia mitis",TRUE
"Cladonia pleurota","Cladonia","Cladonia pleurota",TRUE
"Cladonia pocillum","Cladonia","Cladonia pocillum",TRUE
"Cladonia pyxidata","Cladonia","Cladonia pyxidata",TRUE
"Cladonia ramulosa","Cladonia","Cladonia ramulosa",TRUE
"Cladonia rangiferina","Cladonia","Cladonia rangiferina",TRUE
"Cladonia squamosa","Cladonia","Cladonia squamosa",TRUE
"Cladonia stellaris","Cladonia","Cladonia stellaris",TRUE
"Cladonia straminea","Cladonia","Cladonia straminea",TRUE
"Cladonia stygia","Cladonia","Cladonia stygia",TRUE
"Cladonia subfurcata","Cladonia","Cladonia subfurcata",TRUE
"Cladonia subulata","Cladonia","Cladonia subulata",TRUE
"Cladonia sulphurina","Cladonia","Cladonia sulphurina",TRUE
"Cladonia symphycarpa","Cladonia","Cladonia symphycarpa",TRUE
"Cladonia uncialis","Cladonia","Cladonia uncialis",TRUE
"Claytonia sarmentosa","Claytonia","Claytonia sarmentosa",TRUE
"Claytonia sibirica","Claytonia","Claytonia sibirica",TRUE
"Climacium dendroides","Climacium","Climacium dendroides",TRUE
"Cochlearia groenlandica","Cochlearia","Cochlearia groenlandica",TRUE
"Cochlearia officinalis","Cochlearia","Cochlearia officinalis",TRUE
"Colobanthus affinis","Colobanthus","Colobanthus affinis",TRUE
"Colobanthus quitensis","Colobanthus","Colobanthus quitensis",TRUE
"Comarum palustre","Comarum","Comarum palustre",TRUE
"Comastoma ferratum","Comastoma","Comastoma ferratum",TRUE
"Comastoma tenellum","Comastoma","Comastoma tenellum",TRUE
"Conostomum tetragonum","Conostomum","Conostomum tetragonum",TRUE
"Coptidium","Coptidium","Coptidium",FALSE
"Coptidium pallasii","Coptidium","Coptidium pallasii",TRUE
"Corniculata ","Corniculata","Corniculata",FALSE
"Corydalis conorhiza","Corydalis","Corydalis conorhiza",TRUE
"Craspedia ","Craspedia","Craspedia",FALSE
"Craspedia aurantia","Craspedia","Craspedia aurantia",TRUE
"Craspedia gracilis","Craspedia","Craspedia gracilis",TRUE
"Crepis coreana","Crepis","Crepis coreana",TRUE
"Crepis paludosa","Crepis","Crepis paludosa",TRUE
"Crust lichen unknown","Crust","Crust lichen unknown",TRUE
"Crustose ","Crustose","Crustose",FALSE
"Cryptothladia chinensis","Cryptothladia","Cryptothladia chinensis",TRUE
"Cynodontium strumiferum","Cynodontium","Cynodontium strumiferum",TRUE
"Cyperaceae","Cyperaceae","Cyperaceae",FALSE
"Cyrtomnium hymenophyllum","Cyrtomnium","Cyrtomnium hymenophyllum",TRUE
"Dactylina","Dactylina","Dactylina",FALSE
"Dactylina arctica","Dactylina","Dactylina arctica",TRUE
"Dactylina ramulosa","Dactylina","Dactylina ramulosa",TRUE
"Dactylorhiza viridis","Dactylorhiza","Dactylorhiza viridis",TRUE
"Dasiphora fruticosa","Dasiphora","Dasiphora fruticosa",TRUE
"Delwiensia pattersonii","Delwiensia","Delwiensia pattersonii",TRUE
"Deschampsia ","Deschampsia","Deschampsia",FALSE
"Deschampsia antarctica","Deschampsia","Deschampsia antarctica",TRUE
"Deschampsia cespitosa","Deschampsia","Deschampsia cespitosa",TRUE
"Deyeuxia ","Deyeuxia","Deyeuxia",FALSE
"Deyeuxia angustifolia","Deyeuxia","Deyeuxia angustifolia",TRUE
"Dianthus repens","Dianthus","Dianthus repens",TRUE
"Diapensia lapponica","Diapensia","Diapensia lapponica",TRUE
"Diapensia obovata","Diapensia","Diapensia obovata",TRUE
"Dichodon cerastoides","Dichodon","Dichodon cerastoides",TRUE
"Dicranella","Dicranella","Dicranella",FALSE
"Dicranella subulata","Dicranella","Dicranella subulata",TRUE
"Dicranoloma reflexum","Dicranoloma","Dicranoloma reflexum",TRUE
"Dicranum","Dicranum","Dicranum",FALSE
"Dicranum ","Dicranum","Dicranum",FALSE
"Dicranum acutifolium","Dicranum","Dicranum acutifolium",TRUE
"Dicranum brevifolium","Dicranum","Dicranum brevifolium",TRUE
"Dicranum elongatum","Dicranum","Dicranum elongatum",TRUE
"Dicranum fuscescens","Dicranum","Dicranum fuscescens",TRUE
"Dicranum groenlandicum","Dicranum","Dicranum groenlandicum",TRUE
"Dicranum majus","Dicranum","Dicranum majus",TRUE
"Dicranum muehlenbeckii","Dicranum","Dicranum muehlenbeckii",TRUE
"Dicranum scoparium","Dicranum","Dicranum scoparium",TRUE
"Dicranum spadiceum","Dicranum","Dicranum spadiceum",TRUE
"Dilutineuron fasciculare","Dilutineuron","Dilutineuron fasciculare",TRUE
"Dimelaena oreina","Dimelaena","Dimelaena oreina",TRUE
"Diphasiastrum alpinum","Diphasiastrum","Diphasiastrum alpinum",TRUE
"Diphasiastrum complanatum","Diphasiastrum","Diphasiastrum complanatum",TRUE
"Distichium","Distichium","Distichium",FALSE
"Distichium ","Distichium","Distichium",FALSE
"Distichium capillaceum","Distichium","Distichium capillaceum",TRUE
"Distichium inclinatum","Distichium","Distichium inclinatum",TRUE
"Ditrichum","Ditrichum","Ditrichum",FALSE
"Ditrichum ","Ditrichum","Ditrichum",FALSE
"Douglasia ","Douglasia","Douglasia",FALSE
"Draba","Draba","Draba",FALSE
"Draba ","Draba","Draba",FALSE
"Draba aizoides","Draba","Draba aizoides",TRUE
"Draba alpina","Draba","Draba alpina",TRUE
"Draba arctica","Draba","Draba arctica",TRUE
"Draba aurea","Draba","Draba aurea",TRUE
"Draba cana","Draba","Draba cana",TRUE
"Draba corymbosa","Draba","Draba corymbosa",TRUE
"Draba crassifolia","Draba","Draba crassifolia",TRUE
"Draba fladnizensis","Draba","Draba fladnizensis",TRUE
"Draba glabella","Draba","Draba glabella",TRUE
"Draba incana","Draba","Draba incana",TRUE
"Draba lactea","Draba","Draba lactea",TRUE
"Draba lanceolata","Draba","Draba lanceolata",TRUE
"Draba micropetala","Draba","Draba micropetala",TRUE
"Draba nivalis","Draba","Draba nivalis",TRUE
"Draba norvegica","Draba","Draba norvegica",TRUE
"Draba oblongata","Draba","Draba oblongata",TRUE
"Draba ochroleuca","Draba","Draba ochroleuca",TRUE
"Draba pauciflora","Draba","Draba pauciflora",TRUE
"Draba streptocarpa","Draba","Draba streptocarpa",TRUE
"Draba subcapitata","Draba","Draba subcapitata",TRUE
"Drepanocladus ","Drepanocladus","Drepanocladus",FALSE
"Drepanocladus aduncus","Drepanocladus","Drepanocladus aduncus",TRUE
"Drepanocladus brevifolius","Drepanocladus","Drepanocladus brevifolius",TRUE
"Drepanocladus trifarius","Drepanocladus","Drepanocladus trifarius",TRUE
"Dryas ","Dryas","Dryas",FALSE
"Dryas integrifolia","Dryas","Dryas integrifolia",TRUE
"Dryas integrifolia × octopetala","Dryas","Dryas integrifolia × octopetala",TRUE
"Dryas octopetala","Dryas","Dryas octopetala",TRUE
"Dupontia fisheri","Dupontia","Dupontia fisheri",TRUE
"Eleocharis uniglumis","Eleocharis","Eleocharis uniglumis",TRUE
"Elsholtzia densa","Elsholtzia","Elsholtzia densa",TRUE
"Elymus arenarius","Elymus","Elymus arenarius",TRUE
"Elymus nutans","Elymus","Elymus nutans",TRUE
"Elymus violaceus","Elymus","Elymus violaceus",TRUE
"Empetrum hermaphroditum","Empetrum","Empetrum hermaphroditum",TRUE
"Empetrum nigrum","Empetrum","Empetrum nigrum",TRUE
"Empodisma minus","Empodisma","Empodisma minus",TRUE
"Encalypta ","Encalypta","Encalypta",FALSE
"Encalypta rhaptocarpa","Encalypta","Encalypta rhaptocarpa",TRUE
"Epacris ","Epacris","Epacris",FALSE
"Epacris glacialis","Epacris","Epacris glacialis",TRUE
"Epacris gunnii","Epacris","Epacris gunnii",TRUE
"Epacris paludosa","Epacris","Epacris paludosa",TRUE
"Epilobium","Epilobium","Epilobium",FALSE
"Epilobium alsinifolium","Epilobium","Epilobium alsinifolium",TRUE
"Epilobium anagallidifolium","Epilobium","Epilobium anagallidifolium",TRUE
"Epilobium hornemannii","Epilobium","Epilobium hornemannii",TRUE
"Epilobium latifolium","Epilobium","Epilobium latifolium",TRUE
"Epilobium palustre","Epilobium","Epilobium palustre",TRUE
"Equisetum","Equisetum","Equisetum",FALSE
"Equisetum ","Equisetum","Equisetum",FALSE
"Equisetum arvense","Equisetum","Equisetum arvense",TRUE
"Equisetum fluviatile","Equisetum","Equisetum fluviatile",TRUE
"Equisetum hyemale","Equisetum","Equisetum hyemale",TRUE
"Equisetum palustre","Equisetum","Equisetum palustre",TRUE
"Equisetum pratense","Equisetum","Equisetum pratense",TRUE
"Equisetum scirpoides","Equisetum","Equisetum scirpoides",TRUE
"Equisetum sylvaticum","Equisetum","Equisetum sylvaticum",TRUE
"Equisetum variegatum","Equisetum","Equisetum variegatum",TRUE
"Eremogone fendleri","Eremogone","Eremogone fendleri",TRUE
"Erigeron","Erigeron","Erigeron",FALSE
"Erigeron ","Erigeron","Erigeron",FALSE
"Erigeron alpicola","Erigeron","Erigeron alpicola",TRUE
"Erigeron borealis","Erigeron","Erigeron borealis",TRUE
"Erigeron caucasicus","Erigeron","Erigeron caucasicus",TRUE
"Erigeron eriocephalus","Erigeron","Erigeron eriocephalus",TRUE
"Erigeron grandiflorus","Erigeron","Erigeron grandiflorus",TRUE
"Erigeron humilis","Erigeron","Erigeron humilis",TRUE
"Erigeron melanocephalus","Erigeron","Erigeron melanocephalus",TRUE
"Erigeron peregrinus","Erigeron","Erigeron peregrinus",TRUE
"Erigeron pinnatisectus","Erigeron","Erigeron pinnatisectus",TRUE
"Erigeron uniflorus","Erigeron","Erigeron uniflorus",TRUE
"Erigeron villifera","Erigeron","Erigeron villifera",TRUE
"Eriophorum","Eriophorum","Eriophorum",FALSE
"Eriophorum ","Eriophorum","Eriophorum",FALSE
"Eriophorum angustifolium","Eriophorum","Eriophorum angustifolium",TRUE
"Eriophorum russeolum","Eriophorum","Eriophorum russeolum",TRUE
"Eriophorum scheuchzeri","Eriophorum","Eriophorum scheuchzeri",TRUE
"Eriophorum triste","Eriophorum","Eriophorum triste",TRUE
"Eriophorum vaginatum","Eriophorum","Eriophorum vaginatum",TRUE
"Eritrichium aretioides","Eritrichium","Eritrichium aretioides",TRUE
"Eritrichium nanum","Eritrichium","Eritrichium nanum",TRUE
"Erysimum capitatum","Erysimum","Erysimum capitatum",TRUE
"Euphrasia","Euphrasia","Euphrasia",FALSE
"Euphrasia ","Euphrasia","Euphrasia",FALSE
"Euphrasia arctica","Euphrasia","Euphrasia arctica",TRUE
"Euphrasia frigida","Euphrasia","Euphrasia frigida",TRUE
"Euphrasia minima","Euphrasia","Euphrasia minima",TRUE
"Euphrasia officinalis","Euphrasia","Euphrasia officinalis",TRUE
"Euphrasia ossica","Euphrasia","Euphrasia ossica",TRUE
"Euphrasia wettsteinii","Euphrasia","Euphrasia wettsteinii",TRUE
"Eurhynchiastrum pulchellum","Eurhynchiastrum","Eurhynchiastrum pulchellum",TRUE
"Eutrema edwardsii","Eutrema","Eutrema edwardsii",TRUE
"Evernia perfragilis","Evernia","Evernia perfragilis",TRUE
"Exocarpos nanus","Exocarpos","Exocarpos nanus",TRUE
"Farnoldia dissipabilis","Farnoldia","Farnoldia dissipabilis",TRUE
"Festuca ","Festuca","Festuca",FALSE
"Festuca altaica","Festuca","Festuca altaica",TRUE
"Festuca baffinensis","Festuca","Festuca baffinensis",TRUE
"Festuca brachyphylla","Festuca","Festuca brachyphylla",TRUE
"Festuca brunnescens","Festuca","Festuca brunnescens",TRUE
"Festuca hyperborea","Festuca","Festuca hyperborea",TRUE
"Festuca ovina","Festuca","Festuca ovina",TRUE
"Festuca pulchella","Festuca","Festuca pulchella",TRUE
"Festuca quadriflora","Festuca","Festuca quadriflora",TRUE
"Festuca richardsonii","Festuca","Festuca richardsonii",TRUE
"Festuca rubra","Festuca","Festuca rubra",TRUE
"Festuca varia","Festuca","Festuca varia",TRUE
"Festuca vivipara","Festuca","Festuca vivipara",TRUE
"Filipendula ulmaria","Filipendula","Filipendula ulmaria",TRUE
"Fissidens ","Fissidens","Fissidens",FALSE
"Fissidens osmundioides","Fissidens","Fissidens osmundioides",TRUE
"Flexitrichum flexicaule","Flexitrichum","Flexitrichum flexicaule",TRUE
"Fritillaria collina","Fritillaria","Fritillaria collina",TRUE
"Frullania jackii","Frullania","Frullania jackii",TRUE
"Funaria arctica","Funaria","Funaria arctica",TRUE
"FUNGI","FUNGI","FUNGI",FALSE
"FUNGUS ","FUNGUS","FUNGUS",FALSE
"Fuscocephaloziopsis albescens","Fuscocephaloziopsis","Fuscocephaloziopsis albescens",TRUE
"Fuscopannaria praetermissa","Fuscopannaria","Fuscopannaria praetermissa",TRUE
"Gagea fistulosa","Gagea","Gagea fistulosa",TRUE
"Gagea serotina","Gagea","Gagea serotina",TRUE
"Galium","Galium","Galium",FALSE
"Galium boreale","Galium","Galium boreale",TRUE
"Galium normanii","Galium","Galium normanii",TRUE
"Galium verum","Galium","Galium verum",TRUE
"Gentiana","Gentiana","Gentiana",FALSE
"Gentiana ","Gentiana","Gentiana",FALSE
"Gentiana algida","Gentiana","Gentiana algida",TRUE
"Gentiana aquatica","Gentiana","Gentiana aquatica",TRUE
"Gentiana aristata","Gentiana","Gentiana aristata",TRUE
"Gentiana bavarica","Gentiana","Gentiana bavarica",TRUE
"Gentiana brachyphylla","Gentiana","Gentiana brachyphylla",TRUE
"Gentiana jamesii","Gentiana","Gentiana jamesii",TRUE
"Gentiana lawrencei","Gentiana","Gentiana lawrencei",TRUE
"Gentiana nipponica","Gentiana","Gentiana nipponica",TRUE
"Gentiana nivalis","Gentiana","Gentiana nivalis",TRUE
"Gentiana punctata","Gentiana","Gentiana punctata",TRUE
"Gentiana pyrenaica","Gentiana","Gentiana pyrenaica",TRUE
"Gentiana septemfida","Gentiana","Gentiana septemfida",TRUE
"Gentiana straminea","Gentiana","Gentiana straminea",TRUE
"Gentiana verna","Gentiana","Gentiana verna",TRUE
"Gentianella amarella","Gentianella","Gentianella amarella",TRUE
"Gentianella aurea","Gentianella","Gentianella aurea",TRUE
"Gentianella biebersteinii","Gentianella","Gentianella biebersteinii",TRUE
"Gentianella campestris","Gentianella","Gentianella campestris",TRUE
"Gentianella muelleriana","Gentianella","Gentianella muelleriana",TRUE
"Gentianella propinqua","Gentianella","Gentianella propinqua",TRUE
"Gentianopsis detonsa","Gentianopsis","Gentianopsis detonsa",TRUE
"Geranium ","Geranium","Geranium",FALSE
"Geranium dahuricum","Geranium","Geranium dahuricum",TRUE
"Geranium gymnocaulon","Geranium","Geranium gymnocaulon",TRUE
"Geranium sylvaticum","Geranium","Geranium sylvaticum",TRUE
"Geum glaciale","Geum","Geum glaciale",TRUE
"Geum pentapetalum","Geum","Geum pentapetalum",TRUE
"Geum rivale","Geum","Geum rivale",TRUE
"Geum rossii","Geum","Geum rossii",TRUE
"Gnaphalium supinum","Gnaphalium","Gnaphalium supinum",TRUE
"Goodenia hederacea","Goodenia","Goodenia hederacea",TRUE
"Gowardia nigricans","Gowardia","Gowardia nigricans",TRUE
"Graminoid unknown","Graminoid","Graminoid unknown",TRUE
"Grevillea australis","Grevillea","Grevillea australis",TRUE
"Gymnadenia conopsea","Gymnadenia","Gymnadenia conopsea",TRUE
"Gymnocarpium dryopteris","Gymnocarpium","Gymnocarpium dryopteris",TRUE
"Gymnocolea inflata","Gymnocolea","Gymnocolea inflata",TRUE
"Gymnomitrion","Gymnomitrion","Gymnomitrion",FALSE
"Gymnomitrion brevissimum","Gymnomitrion","Gymnomitrion brevissimum",TRUE
"Gymnomitrion concinnatum","Gymnomitrion","Gymnomitrion concinnatum",TRUE
"Gymnomitrion corallioides","Gymnomitrion","Gymnomitrion corallioides",TRUE
"Hansenia forbesii","Hansenia","Hansenia forbesii",TRUE
"Harrimanella hypnoides","Harrimanella","Harrimanella hypnoides",TRUE
"Harrimanella stelleriana","Harrimanella","Harrimanella stelleriana",TRUE
"Hedwigia ciliata","Hedwigia","Hedwigia ciliata",TRUE
"Hedysarum ","Hedysarum","Hedysarum",FALSE
"Hedysarum alpinum","Hedysarum","Hedysarum alpinum",TRUE
"Hedysarum boreale","Hedysarum","Hedysarum boreale",TRUE
"Hedysarum caucasicum","Hedysarum","Hedysarum caucasicum",TRUE
"Hedysarum hedysaroides","Hedysarum","Hedysarum hedysaroides",TRUE
"Helichrysum ","Helichrysum","Helichrysum",FALSE
"Helictochloa versicolor","Helictochloa","Helictochloa versicolor",TRUE
"Helictotrichon mortonianum","Helictotrichon","Helictotrichon mortonianum",TRUE
"Helictotrichon tibeticum","Helictotrichon","Helictotrichon tibeticum",TRUE
"Heracleum moellendorffii","Heracleum","Heracleum moellendorffii",TRUE
"HIEALP","HIEALP","HIEALP",FALSE
"Hieracium","Hieracium","Hieracium",FALSE
"Hieracium alpinum","Hieracium","Hieracium alpinum",TRUE
"Hieracium gracile","Hieracium","Hieracium gracile",TRUE
"Hieracium umbellatum","Hieracium","Hieracium umbellatum",TRUE
"Hieracium vulgatum","Hieracium","Hieracium vulgatum",TRUE
"Hippuris vulgaris","Hippuris","Hippuris vulgaris",TRUE
"Homogyne alpina","Homogyne","Homogyne alpina",TRUE
"Hovea montana","Hovea","Hovea montana",TRUE
"Huperzia","Huperzia","Huperzia",FALSE
"Huperzia selago","Huperzia","Huperzia selago",TRUE
"Hyalopoa pontica","Hyalopoa","Hyalopoa pontica",TRUE
"Hydrocotyle ","Hydrocotyle","Hydrocotyle",FALSE
"Hygrohypnella polaris","Hygrohypnella","Hygrohypnella polaris",TRUE
"Hylocomiastrum pyrenaicum","Hylocomiastrum","Hylocomiastrum pyrenaicum",TRUE
"Hylocomium","Hylocomium","Hylocomium",FALSE
"Hylocomium splendens","Hylocomium","Hylocomium splendens",TRUE
"Hymenoloma crispulum","Hymenoloma","Hymenoloma crispulum",TRUE
"Hymenoxys grandiflora","Hymenoxys","Hymenoxys grandiflora",TRUE
"Hypnum","Hypnum","Hypnum",FALSE
"Hypnum ","Hypnum","Hypnum",FALSE
"Hypnum bambergii","Hypnum","Hypnum bambergii",TRUE
"Hypnum cupressiforme","Hypnum","Hypnum cupressiforme",TRUE
"Hypnum hamulosum","Hypnum","Hypnum hamulosum",TRUE
"Hypnum revolutum","Hypnum","Hypnum revolutum",TRUE
"Hypochaeris radicata","Hypochaeris","Hypochaeris radicata",TRUE
"Hypogymnia ","Hypogymnia","Hypogymnia",FALSE
"Hypogymnia austerodes","Hypogymnia","Hypogymnia austerodes",TRUE
"Hypogymnia physodes","Hypogymnia","Hypogymnia physodes",TRUE
"Hypogymnia rugosa","Hypogymnia","Hypogymnia rugosa",TRUE
"Hypogymnia subobscura","Hypogymnia","Hypogymnia subobscura",TRUE
"Icmadophila ericetorum","Icmadophila","Icmadophila ericetorum",TRUE
"Iris potaninii","Iris","Iris potaninii",TRUE
"Isopterygiella pulchella","Isopterygiella","Isopterygiella pulchella",TRUE
"Japewia tornoensis","Japewia","Japewia tornoensis",TRUE
"Juncus","Juncus","Juncus",FALSE
"Juncus albescens","Juncus","Juncus albescens",TRUE
"Juncus alpinoarticulatus","Juncus","Juncus alpinoarticulatus",TRUE
"Juncus alpinus","Juncus","Juncus alpinus",TRUE
"Juncus arcticus","Juncus","Juncus arcticus",TRUE
"Juncus beringensis","Juncus","Juncus beringensis",TRUE
"Juncus biglumis","Juncus","Juncus biglumis",TRUE
"Juncus drummondii","Juncus","Juncus drummondii",TRUE
"Juncus filiformis","Juncus","Juncus filiformis",TRUE
"Juncus NA","Juncus","Juncus NA",TRUE
"Juncus triglumis","Juncus","Juncus triglumis",TRUE
"Juniperus communis","Juniperus","Juniperus communis",TRUE
"Kalmia procumbens","Kalmia","Kalmia procumbens",TRUE
"Kobresia arctica","Kobresia","Kobresia arctica",TRUE
"Koeleria asiatica","Koeleria","Koeleria asiatica",TRUE
"Koeleria cristata","Koeleria","Koeleria cristata",TRUE
"Koenigia islandica","Koenigia","Koenigia islandica",TRUE
"Koenigia ocreata","Koenigia","Koenigia ocreata",TRUE
"Kudratovia roscida","Kudratovia","Kudratovia roscida",TRUE
"Kunzea ericifolia","Kunzea","Kunzea ericifolia",TRUE
"Lactuca racemosa","Lactuca","Lactuca racemosa",TRUE
"Lagotis glauca","Lagotis","Lagotis glauca",TRUE
"Lancea tibetica","Lancea","Lancea tibetica",TRUE
"Lecanora","Lecanora","Lecanora",FALSE
"Lecanora epibryon","Lecanora","Lecanora epibryon",TRUE
"Lecidea atrobrunnea","Lecidea","Lecidea atrobrunnea",TRUE
"Lecidea depressa","Lecidea","Lecidea depressa",TRUE
"Lecidella wulfenii","Lecidella","Lecidella wulfenii",TRUE
"Ledum palustre","Ledum","Ledum palustre",TRUE
"Leontodon autumnalis","Leontodon","Leontodon autumnalis",TRUE
"Leontodon hispidus","Leontodon","Leontodon hispidus",TRUE
"Leontopodium nanum","Leontopodium","Leontopodium nanum",TRUE
"Lepra dactylina","Lepra","Lepra dactylina",TRUE
"Lepra panyrga","Lepra","Lepra panyrga",TRUE
"Leptinella, Cotula filicula","Leptinella,","Leptinella, Cotula filicula",TRUE
"Leptorhynchos squamatus","Leptorhynchos","Leptorhynchos squamatus",TRUE
"Leucanthemopsis alpina","Leucanthemopsis","Leucanthemopsis alpina",TRUE
"Leucanthemum halleri","Leucanthemum","Leucanthemum halleri",TRUE
"Leucopogon ","Leucopogon","Leucopogon",FALSE
"Lewisia pygmaea","Lewisia","Lewisia pygmaea",TRUE
"Leymus mollis","Leymus","Leymus mollis",TRUE
"LFOLI","LFOLI","LFOLI",FALSE
"Lichen unknown","Lichen","Lichen unknown",TRUE
"Lichenomphalia hudsoniana","Lichenomphalia","Lichenomphalia hudsoniana",TRUE
"Ligularia jamesii","Ligularia","Ligularia jamesii",TRUE
"Ligularia virgaurea","Ligularia","Ligularia virgaurea",TRUE
"Ligusticum filicinum","Ligusticum","Ligusticum filicinum",TRUE
"Linnaea borealis","Linnaea","Linnaea borealis",TRUE
"Linum catharticum","Linum","Linum catharticum",TRUE
"Litter","Litter","Litter",FALSE
"Lobaria ","Lobaria","Lobaria",FALSE
"Lobaria linita","Lobaria","Lobaria linita",TRUE
"Loeskypnum badium","Loeskypnum","Loeskypnum badium",TRUE
"Lomatogonium carinthiacum","Lomatogonium","Lomatogonium carinthiacum",TRUE
"Lonicera rupicola","Lonicera","Lonicera rupicola",TRUE
"Lopadium","Lopadium","Lopadium",FALSE
"Lopadium coralloideum","Lopadium","Lopadium coralloideum",TRUE
"Lopadium pezizoideum","Lopadium","Lopadium pezizoideum",TRUE
"Lophozia","Lophozia","Lophozia",FALSE
"Lophozia ","Lophozia","Lophozia",FALSE
"Lophozia jurensis","Lophozia","Lophozia jurensis",TRUE
"Lophozia Lophozia","Lophozia","Lophozia Lophozia",TRUE
"Lophozia wenzelii","Lophozia","Lophozia wenzelii",TRUE
"Lotus corniculatus","Lotus","Lotus corniculatus",TRUE
"Lupinus arcticus","Lupinus","Lupinus arcticus",TRUE
"Luzula","Luzula","Luzula",FALSE
"Luzula arctica","Luzula","Luzula arctica",TRUE
"Luzula arcuata","Luzula","Luzula arcuata",TRUE
"Luzula confusa","Luzula","Luzula confusa",TRUE
"Luzula multiflora","Luzula","Luzula multiflora",TRUE
"Luzula nivalis","Luzula","Luzula nivalis",TRUE
"Luzula oligantha","Luzula","Luzula oligantha",TRUE
"Luzula parviflora","Luzula","Luzula parviflora",TRUE
"Luzula pilosa","Luzula","Luzula pilosa",TRUE
"Luzula wahlenbergii","Luzula","Luzula wahlenbergii",TRUE
"Lycopodium clavatum","Lycopodium","Lycopodium clavatum",TRUE
"Lysimachia europaea","Lysimachia","Lysimachia europaea",TRUE
"Maianthemum bifolium","Maianthemum","Maianthemum bifolium",TRUE
"Marchantia polymorpha","Marchantia","Marchantia polymorpha",TRUE
"Marchantia quadrata","Marchantia","Marchantia quadrata",TRUE
"Marker ","Marker","Marker",FALSE
"Meesia triquetra","Meesia","Meesia triquetra",TRUE
"Meesia uliginosa","Meesia","Meesia uliginosa",TRUE
"Megaspora verrucosa","Megaspora","Megaspora verrucosa",TRUE
"Melampyrum","Melampyrum","Melampyrum",FALSE
"Melampyrum pratense","Melampyrum","Melampyrum pratense",TRUE
"Melampyrum sylvaticum","Melampyrum","Melampyrum sylvaticum",TRUE
"Melanelia ","Melanelia","Melanelia",FALSE
"Melanelia stygia","Melanelia","Melanelia stygia",TRUE
"Melicytus dentatus","Melicytus","Melicytus dentatus",TRUE
"Menyanthes trifoliata","Menyanthes","Menyanthes trifoliata",TRUE
"Mertensia lanceolata","Mertensia","Mertensia lanceolata",TRUE
"Mertensia oblongifolia","Mertensia","Mertensia oblongifolia",TRUE
"Mesoptychia heterocolpos","Mesoptychia","Mesoptychia heterocolpos",TRUE
"Mesoptychia rutheana","Mesoptychia","Mesoptychia rutheana",TRUE
"Micranthes","Micranthes","Micranthes",FALSE
"Micranthes foliolosa","Micranthes","Micranthes foliolosa",TRUE
"Micranthes hieraciifolia","Micranthes","Micranthes hieraciifolia",TRUE
"Micranthes nivalis","Micranthes","Micranthes nivalis",TRUE
"Micranthes rhomboidea","Micranthes","Micranthes rhomboidea",TRUE
"Micranthes stellaris","Micranthes","Micranthes stellaris",TRUE
"Microseris lanceolata","Microseris","Microseris lanceolata",TRUE
"Minuartia","Minuartia","Minuartia",FALSE
"Minuartia ","Minuartia","Minuartia",FALSE
"Minuartia NA","Minuartia","Minuartia NA",TRUE
"Minuartia rubella","Minuartia","Minuartia rubella",TRUE
"Mniaceae","Mniaceae","Mniaceae",FALSE
"Mnium ","Mnium","Mnium",FALSE
"Mnium blyttii","Mnium","Mnium blyttii",TRUE
"Molinia caerulea","Molinia","Molinia caerulea",TRUE
"Montia bostockii","Montia","Montia bostockii",TRUE
"Montia fontana","Montia","Montia fontana",TRUE
"Moss unknown","Moss","Moss unknown",TRUE
"Mycoblastus alpinus","Mycoblastus","Mycoblastus alpinus",TRUE
"Mylia anomala","Mylia","Mylia anomala",TRUE
"Myosotis alpestris","Myosotis","Myosotis alpestris",TRUE
"Myosotis asiatica","Myosotis","Myosotis asiatica",TRUE
"Myosotis decumbens","Myosotis","Myosotis decumbens",TRUE
"Myurella julacea","Myurella","Myurella julacea",TRUE
"Nardus stricta","Nardus","Nardus stricta",TRUE
"Neoorthocaulis binsteadii","Neoorthocaulis","Neoorthocaulis binsteadii",TRUE
"Neottia cordata","Neottia","Neottia cordata",TRUE
"Nephroma","Nephroma","Nephroma",FALSE
"Nephroma ","Nephroma","Nephroma",FALSE
"Nephroma arcticum","Nephroma","Nephroma arcticum",TRUE
"Nephroma expallidum","Nephroma","Nephroma expallidum",TRUE
"Nephromopsis andrejevii","Nephromopsis","Nephromopsis andrejevii",TRUE
"Nephromopsis cucullata","Nephromopsis","Nephromopsis cucullata",TRUE
"Nephromopsis nigricascens","Nephromopsis","Nephromopsis nigricascens",TRUE
"Nephromopsis nivalis","Nephromopsis","Nephromopsis nivalis",TRUE
"Nephromopsis richardsonii","Nephromopsis","Nephromopsis richardsonii",TRUE
"Neuropogon sphacelatus","Neuropogon","Neuropogon sphacelatus",TRUE
"Niphotrichum canescens","Niphotrichum","Niphotrichum canescens",TRUE
"Niphotrichum ericoides","Niphotrichum","Niphotrichum ericoides",TRUE
"Noccaea fendleri","Noccaea","Noccaea fendleri",TRUE
"Noccaea montana","Noccaea","Noccaea montana",TRUE
"Nostoc ","Nostoc","Nostoc",FALSE
"Ochrelechia ","Ochrelechia","Ochrelechia",FALSE
"Ochrolecha ","Ochrolecha","Ochrolecha",FALSE
"Ochrolechia","Ochrolechia","Ochrolechia",FALSE
"Ochrolechia androgyna","Ochrolechia","Ochrolechia androgyna",TRUE
"Ochrolechia frigida","Ochrolechia","Ochrolechia frigida",TRUE
"Ochrolechia gyalectina","Ochrolechia","Ochrolechia gyalectina",TRUE
"Ochrolechia inaequatula","Ochrolechia","Ochrolechia inaequatula",TRUE
"Ochrolechia upsaliensis","Ochrolechia","Ochrolechia upsaliensis",TRUE
"Olearia algida","Olearia","Olearia algida",TRUE
"Olearia frostii","Olearia","Olearia frostii",TRUE
"Olearia phlogopappa","Olearia","Olearia phlogopappa",TRUE
"Omalotheca norvegica","Omalotheca","Omalotheca norvegica",TRUE
"Omalotheca supina","Omalotheca","Omalotheca supina",TRUE
"Omphalodina chrysoleuca","Omphalodina","Omphalodina chrysoleuca",TRUE
"Oncophorus","Oncophorus","Oncophorus",FALSE
"Oncophorus virens","Oncophorus","Oncophorus virens",TRUE
"Oreojuncus trifidus","Oreojuncus","Oreojuncus trifidus",TRUE
"Oreomyrrhis ","Oreomyrrhis","Oreomyrrhis",FALSE
"Oreoxis alpina","Oreoxis","Oreoxis alpina",TRUE
"Orites lancifolius","Orites","Orites lancifolius",TRUE
"Orthilia secunda","Orthilia","Orthilia secunda",TRUE
"Orthothecium chryseon","Orthothecium","Orthothecium chryseon",TRUE
"Orthothecium rufescens","Orthothecium","Orthothecium rufescens",TRUE
"Orthotrichum ","Orthotrichum","Orthotrichum",FALSE
"Oxylobium ellipticum","Oxylobium","Oxylobium ellipticum",TRUE
"Oxyria digyna","Oxyria","Oxyria digyna",TRUE
"Oxytropis ","Oxytropis","Oxytropis",FALSE
"Oxytropis anertii","Oxytropis","Oxytropis anertii",TRUE
"Oxytropis borealis","Oxytropis","Oxytropis borealis",TRUE
"Oxytropis campestris","Oxytropis","Oxytropis campestris",TRUE
"Oxytropis deflexa","Oxytropis","Oxytropis deflexa",TRUE
"Oxytropis glacialis","Oxytropis","Oxytropis glacialis",TRUE
"Oxytropis kubanensis","Oxytropis","Oxytropis kubanensis",TRUE
"Oxytropis maydelliana","Oxytropis","Oxytropis maydelliana",TRUE
"Oxytropis nigrescens","Oxytropis","Oxytropis nigrescens",TRUE
"Oxytropis sordida","Oxytropis","Oxytropis sordida",TRUE
"Pachypleurum mutellinoides","Pachypleurum","Pachypleurum mutellinoides",TRUE
"Packera cana","Packera","Packera cana",TRUE
"Packera crocata","Packera","Packera crocata",TRUE
"Packera cymbalaria","Packera","Packera cymbalaria",TRUE
"Packera hyperborealis","Packera","Packera hyperborealis",TRUE
"Paludella squarrosa","Paludella","Paludella squarrosa",TRUE
"Pannaria","Pannaria","Pannaria",FALSE
"Papaver lapponicum","Papaver","Papaver lapponicum",TRUE
"Papaver macounii","Papaver","Papaver macounii",TRUE
"Papaver radicatum","Papaver","Papaver radicatum",TRUE
"Pappochroma nitidum","Pappochroma","Pappochroma nitidum",TRUE
"Parasenecio auriculata","Parasenecio","Parasenecio auriculata",TRUE
"Parmelia","Parmelia","Parmelia",FALSE
"Parmelia ","Parmelia","Parmelia",FALSE
"Parmelia didactyla","Parmelia","Parmelia didactyla",TRUE
"Parmelia omphalodes","Parmelia","Parmelia omphalodes",TRUE
"Parmelia saxatilis","Parmelia","Parmelia saxatilis",TRUE
"Parmelia sulcata","Parmelia","Parmelia sulcata",TRUE
"Parnassia palustris","Parnassia","Parnassia palustris",TRUE
"Paronychia pulvinata","Paronychia","Paronychia pulvinata",TRUE
"Parrya arctica","Parrya","Parrya arctica",TRUE
"Parrya nudicaulis","Parrya","Parrya nudicaulis",TRUE
"Patrinia sibirica","Patrinia","Patrinia sibirica",TRUE
"Pedicularis","Pedicularis","Pedicularis",FALSE
"Pedicularis ","Pedicularis","Pedicularis",FALSE
"Pedicularis capitata","Pedicularis","Pedicularis capitata",TRUE
"Pedicularis caucasica","Pedicularis","Pedicularis caucasica",TRUE
"Pedicularis chamissonis","Pedicularis","Pedicularis chamissonis",TRUE
"Pedicularis comosa","Pedicularis","Pedicularis comosa",TRUE
"Pedicularis dasyantha","Pedicularis","Pedicularis dasyantha",TRUE
"Pedicularis flammea","Pedicularis","Pedicularis flammea",TRUE
"Pedicularis groenlandica","Pedicularis","Pedicularis groenlandica",TRUE
"Pedicularis hirsuta","Pedicularis","Pedicularis hirsuta",TRUE
"Pedicularis kansuensis","Pedicularis","Pedicularis kansuensis",TRUE
"Pedicularis labradorica","Pedicularis","Pedicularis labradorica",TRUE
"Pedicularis lanata","Pedicularis","Pedicularis lanata",TRUE
"Pedicularis langsdorffii","Pedicularis","Pedicularis langsdorffii",TRUE
"Pedicularis lapponica","Pedicularis","Pedicularis lapponica",TRUE
"Pedicularis lyrata","Pedicularis","Pedicularis lyrata",TRUE
"Pedicularis nordmanniana","Pedicularis","Pedicularis nordmanniana",TRUE
"Pedicularis sudetica","Pedicularis","Pedicularis sudetica",TRUE
"Pedicularis verticillata","Pedicularis","Pedicularis verticillata",TRUE
"Peltigera","Peltigera","Peltigera",FALSE
"Peltigera ","Peltigera","Peltigera",FALSE
"Peltigera aphthosa","Peltigera","Peltigera aphthosa",TRUE
"Peltigera canina","Peltigera","Peltigera canina",TRUE
"Peltigera didactyla","Peltigera","Peltigera didactyla",TRUE
"Peltigera horizontalis","Peltigera","Peltigera horizontalis",TRUE
"Peltigera leucophlebia","Peltigera","Peltigera leucophlebia",TRUE
"Peltigera lyngei","Peltigera","Peltigera lyngei",TRUE
"Peltigera malacea","Peltigera","Peltigera malacea",TRUE
"Peltigera membranacea","Peltigera","Peltigera membranacea",TRUE
"Peltigera neckeri","Peltigera","Peltigera neckeri",TRUE
"Peltigera polydactylon","Peltigera","Peltigera polydactylon",TRUE
"Peltigera rufescens","Peltigera","Peltigera rufescens",TRUE
"Peltigera scabrosa","Peltigera","Peltigera scabrosa",TRUE
"Peltigera venosa","Peltigera","Peltigera venosa",TRUE
"Pennellianthus frutescens","Pennellianthus","Pennellianthus frutescens",TRUE
"Pentachondra pumila","Pentachondra","Pentachondra pumila",TRUE
"Pertusaria","Pertusaria","Pertusaria",FALSE
"Pertusaria ","Pertusaria","Pertusaria",FALSE
"Pertusaria bryontha","Pertusaria","Pertusaria bryontha",TRUE
"Pertusaria coriacea","Pertusaria","Pertusaria coriacea",TRUE
"Pertusaria glomerata","Pertusaria","Pertusaria glomerata",TRUE
"Pertusaria oculata","Pertusaria","Pertusaria oculata",TRUE
"Petasites ","Petasites","Petasites",FALSE
"Petasites frigidus","Petasites","Petasites frigidus",TRUE
"Peucedanum multivittatum","Peucedanum","Peucedanum multivittatum",TRUE
"Phebalium squamulosum","Phebalium","Phebalium squamulosum",TRUE
"Philonotis","Philonotis","Philonotis",FALSE
"Philonotis fontana","Philonotis","Philonotis fontana",TRUE
"Phippsia algida","Phippsia","Phippsia algida",TRUE
"Phleum alpinum","Phleum","Phleum alpinum",TRUE
"Phleum pratense","Phleum","Phleum pratense",TRUE
"Phlox pulvinata","Phlox","Phlox pulvinata",TRUE
"Phlox sibirica","Phlox","Phlox sibirica",TRUE
"Phyllodoce aleutica","Phyllodoce","Phyllodoce aleutica",TRUE
"Phyllodoce caerulea","Phyllodoce","Phyllodoce caerulea",TRUE
"Physaria arctica","Physaria","Physaria arctica",TRUE
"Physconia muscigena","Physconia","Physconia muscigena",TRUE
"Pieris nana","Pieris","Pieris nana",TRUE
"Pilosella officinarum","Pilosella","Pilosella officinarum",TRUE
"Pimelea alpina","Pimelea","Pimelea alpina",TRUE
"Pimelea axiflora","Pimelea","Pimelea axiflora",TRUE
"Pimelea biflora","Pimelea","Pimelea biflora",TRUE
"Pinguicula alpina","Pinguicula","Pinguicula alpina",TRUE
"Pinguicula villosa","Pinguicula","Pinguicula villosa",TRUE
"Pinguicula vulgaris","Pinguicula","Pinguicula vulgaris",TRUE
"Pinus pumila","Pinus","Pinus pumila",TRUE
"Placynthiella icmalea","Placynthiella","Placynthiella icmalea",TRUE
"Plagiochila ","Plagiochila","Plagiochila",FALSE
"Plagiochila arctica","Plagiochila","Plagiochila arctica",TRUE
"Plagiomnium ellipticum","Plagiomnium","Plagiomnium ellipticum",TRUE
"Plantago euryphylla","Plantago","Plantago euryphylla",TRUE
"Platanthera hyperborea","Platanthera","Platanthera hyperborea",TRUE
"Pleurozium schreberi","Pleurozium","Pleurozium schreberi",TRUE
"Poa","Poa","Poa",FALSE
"Poa ","Poa","Poa",FALSE
"Poa abbreviata","Poa","Poa abbreviata",TRUE
"Poa alpigena","Poa","Poa alpigena",TRUE
"Poa alpina","Poa","Poa alpina",TRUE
"Poa annua","Poa","Poa annua",TRUE
"Poa arctica","Poa","Poa arctica",TRUE
"Poa fendleriana","Poa","Poa fendleriana",TRUE
"Poa glauca","Poa","Poa glauca",TRUE
"Poa hothamensis","Poa","Poa hothamensis",TRUE
"Poa lanata","Poa","Poa lanata",TRUE
"Poa pattersonii","Poa","Poa pattersonii",TRUE
"Poa pratensis","Poa","Poa pratensis",TRUE
"Poa vivipara","Poa","Poa vivipara",TRUE
"POAALP","POAALP","POAALP",FALSE
"Poaceae","Poaceae","Poaceae",FALSE
"Podagrostis humilis","Podagrostis","Podagrostis humilis",TRUE
"Podolepis ","Podolepis","Podolepis",FALSE
"Podolepis robusta","Podolepis","Podolepis robusta",TRUE
"Pogonatum","Pogonatum","Pogonatum",FALSE
"Pogonatum dentatum","Pogonatum","Pogonatum dentatum",TRUE
"Pohlia ","Pohlia","Pohlia",FALSE
"Pohlia cruda","Pohlia","Pohlia cruda",TRUE
"Pohlia nutans","Pohlia","Pohlia nutans",TRUE
"Pohlia proligera","Pohlia","Pohlia proligera",TRUE
"Pohlia wahlenbergii","Pohlia","Pohlia wahlenbergii",TRUE
"Polemonium ","Polemonium","Polemonium",FALSE
"Polemonium acutiflorum","Polemonium","Polemonium acutiflorum",TRUE
"Polemonium viscosum","Polemonium","Polemonium viscosum",TRUE
"Polygonum","Polygonum","Polygonum",FALSE
"Polygonum ","Polygonum","Polygonum",FALSE
"Polygonum bistorta","Polygonum","Polygonum bistorta",TRUE
"Polygonum salsugineum","Polygonum","Polygonum salsugineum",TRUE
"Polygonum viviparum","Polygonum","Polygonum viviparum",TRUE
"Polytrichastrum alpinum","Polytrichastrum","Polytrichastrum alpinum",TRUE
"Polytrichastrum sexangulare","Polytrichastrum","Polytrichastrum sexangulare",TRUE
"Polytrichum","Polytrichum","Polytrichum",FALSE
"Polytrichum ","Polytrichum","Polytrichum",FALSE
"Polytrichum commune","Polytrichum","Polytrichum commune",TRUE
"Polytrichum hyperboreum","Polytrichum","Polytrichum hyperboreum",TRUE
"Polytrichum jensenii","Polytrichum","Polytrichum jensenii",TRUE
"Polytrichum juniperinum","Polytrichum","Polytrichum juniperinum",TRUE
"Polytrichum piliferum","Polytrichum","Polytrichum piliferum",TRUE
"Polytrichum strictum","Polytrichum","Polytrichum strictum",TRUE
"Polytricum ","Polytricum","Polytricum",FALSE
"Populus tremula","Populus","Populus tremula",TRUE
"Poranthera microphylla","Poranthera","Poranthera microphylla",TRUE
"Potentilla","Potentilla","Potentilla",FALSE
"Potentilla crantzii","Potentilla","Potentilla crantzii",TRUE
"Potentilla diversifolia","Potentilla","Potentilla diversifolia",TRUE
"Potentilla erecta","Potentilla","Potentilla erecta",TRUE
"Potentilla gelida","Potentilla","Potentilla gelida",TRUE
"Potentilla hookeriana","Potentilla","Potentilla hookeriana",TRUE
"Potentilla hyparctica","Potentilla","Potentilla hyparctica",TRUE
"Potentilla matsumurae","Potentilla","Potentilla matsumurae",TRUE
"Potentilla nivea","Potentilla","Potentilla nivea",TRUE
"Potentilla robbinsiana","Potentilla","Potentilla robbinsiana",TRUE
"Potentilla uniflora","Potentilla","Potentilla uniflora",TRUE
"Potentilla vahliana","Potentilla","Potentilla vahliana",TRUE
"Potentilla villosa","Potentilla","Potentilla villosa",TRUE
"Poterium tenuifolium","Poterium","Poterium tenuifolium",TRUE
"Prasophyllum ","Prasophyllum","Prasophyllum",FALSE
"Primula algida","Primula","Primula algida",TRUE
"Primula angustifolia","Primula","Primula angustifolia",TRUE
"Primula cuneifolia","Primula","Primula cuneifolia",TRUE
"Primula glutinosa","Primula","Primula glutinosa",TRUE
"Primula integrifolia","Primula","Primula integrifolia",TRUE
"Primula parryi","Primula","Primula parryi",TRUE
"Primula ruprechtii","Primula","Primula ruprechtii",TRUE
"Primula scandinavica","Primula","Primula scandinavica",TRUE
"Prostanthera cuneata","Prostanthera","Prostanthera cuneata",TRUE
"Protoblastenia rupestris","Protoblastenia","Protoblastenia rupestris",TRUE
"Protochilopsis grandiretis","Protochilopsis","Protochilopsis grandiretis",TRUE
"Protopannaria pezizoides","Protopannaria","Protopannaria pezizoides",TRUE
"Prunella vulgaris","Prunella","Prunella vulgaris",TRUE
"Psephellus caucasicus","Psephellus","Psephellus caucasicus",TRUE
"Pseudephebe ","Pseudephebe","Pseudephebe",FALSE
"Pseudephebe pubescens","Pseudephebe","Pseudephebe pubescens",TRUE
"Pseudocherleria aizoides","Pseudocherleria","Pseudocherleria aizoides",TRUE
"Pseudocherleria macrocarpa","Pseudocherleria","Pseudocherleria macrocarpa",TRUE
"Pseudorchis albida","Pseudorchis","Pseudorchis albida",TRUE
"Pseudostereodon procerrimus","Pseudostereodon","Pseudostereodon procerrimus",TRUE
"Pseudotritomaria heterophylla","Pseudotritomaria","Pseudotritomaria heterophylla",TRUE
"Psora decipiens","Psora","Psora decipiens",TRUE
"Psoroma hypnorum","Psoroma","Psoroma hypnorum",TRUE
"Ptilagrostis concinna","Ptilagrostis","Ptilagrostis concinna",TRUE
"Ptilagrostis malyschevii","Ptilagrostis","Ptilagrostis malyschevii",TRUE
"Ptilidium","Ptilidium","Ptilidium",FALSE
"Ptilidium ciliare","Ptilidium","Ptilidium ciliare",TRUE
"Ptilium crista-castrensis","Ptilium","Ptilium crista-castrensis",TRUE
"Ptychostomum bimum","Ptychostomum","Ptychostomum bimum",TRUE
"Ptychostomum compactum","Ptychostomum","Ptychostomum compactum",TRUE
"Ptychostomum cyclophyllum","Ptychostomum","Ptychostomum cyclophyllum",TRUE
"Ptychostomum pseudotriquetrum","Ptychostomum","Ptychostomum pseudotriquetrum",TRUE
"Ptychostomum subneodamense","Ptychostomum","Ptychostomum subneodamense",TRUE
"Pyrola","Pyrola","Pyrola",FALSE
"Pyrola grandiflora","Pyrola","Pyrola grandiflora",TRUE
"Pyrola minor","Pyrola","Pyrola minor",TRUE
"Pyrola rotundifolia","Pyrola","Pyrola rotundifolia",TRUE
"Racomitrium","Racomitrium","Racomitrium",FALSE
"Racomitrium lanuginosum","Racomitrium","Racomitrium lanuginosum",TRUE
"Radula prolifera","Radula","Radula prolifera",TRUE
"Ranunculus","Ranunculus","Ranunculus",FALSE
"Ranunculus acris","Ranunculus","Ranunculus acris",TRUE
"Ranunculus adoneus","Ranunculus","Ranunculus adoneus",TRUE
"Ranunculus brotherusii","Ranunculus","Ranunculus brotherusii",TRUE
"Ranunculus hyperboreus","Ranunculus","Ranunculus hyperboreus",TRUE
"Ranunculus lapponicus","Ranunculus","Ranunculus lapponicus",TRUE
"Ranunculus montanus","Ranunculus","Ranunculus montanus",TRUE
"Ranunculus nivalis","Ranunculus","Ranunculus nivalis",TRUE
"Ranunculus oreophilus","Ranunculus","Ranunculus oreophilus",TRUE
"Ranunculus paishanensis","Ranunculus","Ranunculus paishanensis",TRUE
"Ranunculus propinquus","Ranunculus","Ranunculus propinquus",TRUE
"Ranunculus pulchellus","Ranunculus","Ranunculus pulchellus",TRUE
"Ranunculus pygmaeus","Ranunculus","Ranunculus pygmaeus",TRUE
"Ranunculus sulphureus","Ranunculus","Ranunculus sulphureus",TRUE
"Ranunculus victoriensis","Ranunculus","Ranunculus victoriensis",TRUE
"Rhinanthus","Rhinanthus","Rhinanthus",FALSE
"Rhinanthus minor","Rhinanthus","Rhinanthus minor",TRUE
"Rhizocarpon geographicum","Rhizocarpon","Rhizocarpon geographicum",TRUE
"Rhizomnium","Rhizomnium","Rhizomnium",FALSE
"Rhizomnium andrewsianum","Rhizomnium","Rhizomnium andrewsianum",TRUE
"Rhizomnium pseudopunctatum","Rhizomnium","Rhizomnium pseudopunctatum",TRUE
"Rhizoplaca melanophthalma","Rhizoplaca","Rhizoplaca melanophthalma",TRUE
"Rhizoplaca novomexicana","Rhizoplaca","Rhizoplaca novomexicana",TRUE
"Rhodiola cretinii","Rhodiola","Rhodiola cretinii",TRUE
"Rhodiola integrifolia","Rhodiola","Rhodiola integrifolia",TRUE
"Rhodiola quadrifida","Rhodiola","Rhodiola quadrifida",TRUE
"Rhodiola rhodantha","Rhodiola","Rhodiola rhodantha",TRUE
"Rhodiola rosea","Rhodiola","Rhodiola rosea",TRUE
"Rhododendron","Rhododendron","Rhododendron",FALSE
"Rhododendron aureum","Rhododendron","Rhododendron aureum",TRUE
"Rhododendron camtschaticum","Rhododendron","Rhododendron camtschaticum",TRUE
"Rhododendron ferrugineum","Rhododendron","Rhododendron ferrugineum",TRUE
"Rhododendron groenlandicum","Rhododendron","Rhododendron groenlandicum",TRUE
"Rhododendron lapponicum","Rhododendron","Rhododendron lapponicum",TRUE
"Rhododendron tomentosum","Rhododendron","Rhododendron tomentosum",TRUE
"Rhytidiadelphus loreus","Rhytidiadelphus","Rhytidiadelphus loreus",TRUE
"Rhytidiadelphus squarrosus","Rhytidiadelphus","Rhytidiadelphus squarrosus",TRUE
"Rhytidium rugosum","Rhytidium","Rhytidium rugosum",TRUE
"Riccardia latifrons","Riccardia","Riccardia latifrons",TRUE
"Riccardia palmata","Riccardia","Riccardia palmata",TRUE
"Riccia lobate","Riccia","Riccia lobate",TRUE
"Rinodina","Rinodina","Rinodina",FALSE
"Rinodina olivaceobrunnea","Rinodina","Rinodina olivaceobrunnea",TRUE
"Rinodina turfacea","Rinodina","Rinodina turfacea",TRUE
"Roaldia revoluta","Roaldia","Roaldia revoluta",TRUE
"Rock ","Rock","Rock",FALSE
"Rosulabryum capillare","Rosulabryum","Rosulabryum capillare",TRUE
"Rubus arcticus","Rubus","Rubus arcticus",TRUE
"Rubus chamaemorus","Rubus","Rubus chamaemorus",TRUE
"Rumex acetosa","Rumex","Rumex acetosa",TRUE
"Rumex acetosella","Rumex","Rumex acetosella",TRUE
"Rumex arcticus","Rumex","Rumex arcticus",TRUE
"Rumex lapponicus","Rumex","Rumex lapponicus",TRUE
"Rumex scutatus","Rumex","Rumex scutatus",TRUE
"Rumex vulgaris","Rumex","Rumex vulgaris",TRUE
"Rupiphila tachiroei","Rupiphila","Rupiphila tachiroei",TRUE
"Sabulina rosei","Sabulina","Sabulina rosei",TRUE
"Sabulina rubella","Sabulina","Sabulina rubella",TRUE
"Sabulina stricta","Sabulina","Sabulina stricta",TRUE
"Sabulina verna","Sabulina","Sabulina verna",TRUE
"Saelania glaucescens","Saelania","Saelania glaucescens",TRUE
"Sagina caespitosa","Sagina","Sagina caespitosa",TRUE
"Sagina NA","Sagina","Sagina NA",TRUE
"Sagina nivalis","Sagina","Sagina nivalis",TRUE
"Sagina nodosa","Sagina","Sagina nodosa",TRUE
"Sagina procumbens","Sagina","Sagina procumbens",TRUE
"Sagina saginoides","Sagina","Sagina saginoides",TRUE
"Salix ","Salix","Salix",FALSE
"Salix alaxensis","Salix","Salix alaxensis",TRUE
"Salix arbusculoides","Salix","Salix arbusculoides",TRUE
"Salix arctica","Salix","Salix arctica",TRUE
"Salix arctophila","Salix","Salix arctophila",TRUE
"Salix chamissonis","Salix","Salix chamissonis",TRUE
"Salix fuscescens","Salix","Salix fuscescens",TRUE
"Salix glauca","Salix","Salix glauca",TRUE
"Salix hastata","Salix","Salix hastata",TRUE
"Salix hastata × lanata subsp. lanata","Salix","Salix hastata × lanata subsp. lanata",TRUE
"Salix herbacea","Salix","Salix herbacea",TRUE
"Salix lanata","Salix","Salix lanata",TRUE
"Salix lanata x reticulata","Salix","Salix lanata x reticulata",TRUE
"Salix lapponum","Salix","Salix lapponum",TRUE
"Salix mucronata","Salix","Salix mucronata",TRUE
"Salix myrsinites","Salix","Salix myrsinites",TRUE
"Salix niphoclada","Salix","Salix niphoclada",TRUE
"Salix nivalis","Salix","Salix nivalis",TRUE
"Salix nummularia","Salix","Salix nummularia",TRUE
"Salix ovalifolia","Salix","Salix ovalifolia",TRUE
"Salix pedicellaris","Salix","Salix pedicellaris",TRUE
"Salix petrophila","Salix","Salix petrophila",TRUE
"Salix phlebophylla","Salix","Salix phlebophylla",TRUE
"Salix phylicifolia","Salix","Salix phylicifolia",TRUE
"Salix planifolia","Salix","Salix planifolia",TRUE
"Salix polaris","Salix","Salix polaris",TRUE
"Salix pulchra","Salix","Salix pulchra",TRUE
"Salix reticulata","Salix","Salix reticulata",TRUE
"Salix retusa","Salix","Salix retusa",TRUE
"Salix richardsonii","Salix","Salix richardsonii",TRUE
"Salix rotundifolia","Salix","Salix rotundifolia",TRUE
"Salix uva-ursi","Salix","Salix uva-ursi",TRUE
"Salix viminalis","Salix","Salix viminalis",TRUE
"Sanguisorba stipulata","Sanguisorba","Sanguisorba stipulata",TRUE
"Sanionia","Sanionia","Sanionia",FALSE
"Sanionia uncinata","Sanionia","Sanionia uncinata",TRUE
"Sarmentypnum exannulatum","Sarmentypnum","Sarmentypnum exannulatum",TRUE
"Sarmentypnum procerum","Sarmentypnum","Sarmentypnum procerum",TRUE
"Sarmentypnum sarmentosum","Sarmentypnum","Sarmentypnum sarmentosum",TRUE
"Sarmentypnum tundrae","Sarmentypnum","Sarmentypnum tundrae",TRUE
"Saussurea alpina","Saussurea","Saussurea alpina",TRUE
"Saussurea angustifolia","Saussurea","Saussurea angustifolia",TRUE
"Saussurea nigrescens","Saussurea","Saussurea nigrescens",TRUE
"Saussurea superba","Saussurea","Saussurea superba",TRUE
"Saussurea tomentosa","Saussurea","Saussurea tomentosa",TRUE
"Saussurea triangulata","Saussurea","Saussurea triangulata",TRUE
"Saussurea yanagisawae","Saussurea","Saussurea yanagisawae",TRUE
"Saxifraga","Saxifraga","Saxifraga",FALSE
"Saxifraga ","Saxifraga","Saxifraga",FALSE
"Saxifraga aizoides","Saxifraga","Saxifraga aizoides",TRUE
"Saxifraga androsacea","Saxifraga","Saxifraga androsacea",TRUE
"Saxifraga bronchialis","Saxifraga","Saxifraga bronchialis",TRUE
"Saxifraga cernua","Saxifraga","Saxifraga cernua",TRUE
"Saxifraga cespitosa","Saxifraga","Saxifraga cespitosa",TRUE
"Saxifraga exarata","Saxifraga","Saxifraga exarata",TRUE
"Saxifraga flagellaris","Saxifraga","Saxifraga flagellaris",TRUE
"Saxifraga hieraciifolia","Saxifraga","Saxifraga hieraciifolia",TRUE
"Saxifraga hirculus","Saxifraga","Saxifraga hirculus",TRUE
"Saxifraga hyperborea","Saxifraga","Saxifraga hyperborea",TRUE
"Saxifraga hypnoides","Saxifraga","Saxifraga hypnoides",TRUE
"Saxifraga nelsoniana","Saxifraga","Saxifraga nelsoniana",TRUE
"Saxifraga nivalis","Saxifraga","Saxifraga nivalis",TRUE
"Saxifraga oppositifolia","Saxifraga","Saxifraga oppositifolia",TRUE
"Saxifraga platysepala","Saxifraga","Saxifraga platysepala",TRUE
"Saxifraga punctata","Saxifraga","Saxifraga punctata",TRUE
"Saxifraga reflexa","Saxifraga","Saxifraga reflexa",TRUE
"Saxifraga rosacea","Saxifraga","Saxifraga rosacea",TRUE
"Saxifraga tricuspidata","Saxifraga","Saxifraga tricuspidata",TRUE
"Scapania","Scapania","Scapania",FALSE
"Scapania ","Scapania","Scapania",FALSE
"Scapania paludicola","Scapania","Scapania paludicola",TRUE
"Schistidium tenerum","Schistidium","Schistidium tenerum",TRUE
"Schljakovia kunzeana","Schljakovia","Schljakovia kunzeana",TRUE
"Schljakovianthus quadrilobus","Schljakovianthus","Schljakovianthus quadrilobus",TRUE
"Scirpus maximowiczii","Scirpus","Scirpus maximowiczii",TRUE
"Sciuro-hypnum latifolium","Sciuro-hypnum","Sciuro-hypnum latifolium",TRUE
"Scleranthus biflorus","Scleranthus","Scleranthus biflorus",TRUE
"Scleranthus singuliflorus","Scleranthus","Scleranthus singuliflorus",TRUE
"Scorpidium cossonii","Scorpidium","Scorpidium cossonii",TRUE
"Scorpidium revolvens","Scorpidium","Scorpidium revolvens",TRUE
"Scorzonera cana","Scorzonera","Scorzonera cana",TRUE
"Sedum alpestre","Sedum","Sedum alpestre",TRUE
"Sedum atratum","Sedum","Sedum atratum",TRUE
"Sedum lanceolatum","Sedum","Sedum lanceolatum",TRUE
"Sedum tenellum","Sedum","Sedum tenellum",TRUE
"Sedum villosum","Sedum","Sedum villosum",TRUE
"Selaginella","Selaginella","Selaginella",FALSE
"Selaginella densa","Selaginella","Selaginella densa",TRUE
"Selaginella selaginoides","Selaginella","Selaginella selaginoides",TRUE
"Selaginella sibirica","Selaginella","Selaginella sibirica",TRUE
"Sempervivum caucasicum","Sempervivum","Sempervivum caucasicum",TRUE
"Senecio","Senecio","Senecio",FALSE
"Senecio ","Senecio","Senecio",FALSE
"Senecio blitoides","Senecio","Senecio blitoides",TRUE
"Senecio canus","Senecio","Senecio canus",TRUE
"Senecio gunnii","Senecio","Senecio gunnii",TRUE
"Senecio lugens","Senecio","Senecio lugens",TRUE
"Senecio pinnatifolius","Senecio","Senecio pinnatifolius",TRUE
"Sesleria caerulea","Sesleria","Sesleria caerulea",TRUE
"Sibbaldia procumbens","Sibbaldia","Sibbaldia procumbens",TRUE
"Sibbaldianthe bifurca","Sibbaldianthe","Sibbaldianthe bifurca",TRUE
"Sibirotrisetum sibiricum","Sibirotrisetum","Sibirotrisetum sibiricum",TRUE
"Silene acaulis","Silene","Silene acaulis",TRUE
"Silene apetala","Silene","Silene apetala",TRUE
"Silene dioica","Silene","Silene dioica",TRUE
"Silene involucrata","Silene","Silene involucrata",TRUE
"Silene repens","Silene","Silene repens",TRUE
"Silene saxatilis","Silene","Silene saxatilis",TRUE
"Silene wahlbergella","Silene","Silene wahlbergella",TRUE
"Siphula ceratites","Siphula","Siphula ceratites",TRUE
"Soldanella alpina","Soldanella","Soldanella alpina",TRUE
"Soldanella pusilla","Soldanella","Soldanella pusilla",TRUE
"Solidago bellidifolia","Solidago","Solidago bellidifolia",TRUE
"Solidago multiradiata","Solidago","Solidago multiradiata",TRUE
"Solidago virgaurea","Solidago","Solidago virgaurea",TRUE
"Solorina","Solorina","Solorina",FALSE
"Solorina ","Solorina","Solorina",FALSE
"Solorina crocea","Solorina","Solorina crocea",TRUE
"Spergula arvensis","Spergula","Spergula arvensis",TRUE
"Sphaerophorus fragilis","Sphaerophorus","Sphaerophorus fragilis",TRUE
"Sphaerophorus globosus","Sphaerophorus","Sphaerophorus globosus",TRUE
"Sphagnum","Sphagnum","Sphagnum",FALSE
"Sphagnum ","Sphagnum","Sphagnum",FALSE
"Sphagnum angustifolium","Sphagnum","Sphagnum angustifolium",TRUE
"Sphagnum annulatum","Sphagnum","Sphagnum annulatum",TRUE
"Sphagnum aongstroemii","Sphagnum","Sphagnum aongstroemii",TRUE
"Sphagnum balticum","Sphagnum","Sphagnum balticum",TRUE
"Sphagnum capillifolium","Sphagnum","Sphagnum capillifolium",TRUE
"Sphagnum centrale","Sphagnum","Sphagnum centrale",TRUE
"Sphagnum compactum","Sphagnum","Sphagnum compactum",TRUE
"Sphagnum fallax","Sphagnum","Sphagnum fallax",TRUE
"Sphagnum fimbriatum","Sphagnum","Sphagnum fimbriatum",TRUE
"Sphagnum fuscum","Sphagnum","Sphagnum fuscum",TRUE
"Sphagnum girgensohnii","Sphagnum","Sphagnum girgensohnii",TRUE
"Sphagnum imbricatum","Sphagnum","Sphagnum imbricatum",TRUE
"Sphagnum jensenii","Sphagnum","Sphagnum jensenii",TRUE
"Sphagnum lenense","Sphagnum","Sphagnum lenense",TRUE
"Sphagnum lindbergii","Sphagnum","Sphagnum lindbergii",TRUE
"Sphagnum recurvum","Sphagnum","Sphagnum recurvum",TRUE
"Sphagnum riparium","Sphagnum","Sphagnum riparium",TRUE
"Sphagnum rubellum","Sphagnum","Sphagnum rubellum",TRUE
"Sphagnum russowii","Sphagnum","Sphagnum russowii",TRUE
"Sphagnum squarrosum","Sphagnum","Sphagnum squarrosum",TRUE
"Sphagnum teres","Sphagnum","Sphagnum teres",TRUE
"Sphagnum warnstorfii","Sphagnum","Sphagnum warnstorfii",TRUE
"Sphenolobus minutus","Sphenolobus","Sphenolobus minutus",TRUE
"Sphenolobus saxicola","Sphenolobus","Sphenolobus saxicola",TRUE
"Spinulum annotinum","Spinulum","Spinulum annotinum",TRUE
"Spiraea betulifolia","Spiraea","Spiraea betulifolia",TRUE
"Sporastatia testudinea","Sporastatia","Sporastatia testudinea",TRUE
"Stellaria ","Stellaria","Stellaria",FALSE
"Stellaria edwardsii","Stellaria","Stellaria edwardsii",TRUE
"Stellaria humifusa","Stellaria","Stellaria humifusa",TRUE
"Stellaria irrigua","Stellaria","Stellaria irrigua",TRUE
"Stellaria laeta","Stellaria","Stellaria laeta",TRUE
"Stellaria longipes","Stellaria","Stellaria longipes",TRUE
"Stellaria media","Stellaria","Stellaria media",TRUE
"Stellaria peduncularis","Stellaria","Stellaria peduncularis",TRUE
"Stellaria uda","Stellaria","Stellaria uda",TRUE
"Stellera chamaejasme","Stellera","Stellera chamaejasme",TRUE
"Stereocaulon","Stereocaulon","Stereocaulon",FALSE
"Stereocaulon ","Stereocaulon","Stereocaulon",FALSE
"Stereocaulon alpinum","Stereocaulon","Stereocaulon alpinum",TRUE
"Stereocaulon paschale","Stereocaulon","Stereocaulon paschale",TRUE
"Stereocaulon rivulorum","Stereocaulon","Stereocaulon rivulorum",TRUE
"Stereocaulon tomentosum","Stereocaulon","Stereocaulon tomentosum",TRUE
"Stereocaulon vesuvianum","Stereocaulon","Stereocaulon vesuvianum",TRUE
"Stereodon callichrous","Stereodon","Stereodon callichrous",TRUE
"Sticta arctica","Sticta","Sticta arctica",TRUE
"Stipa purpurea","Stipa","Stipa purpurea",TRUE
"Straminergon stramineum","Straminergon","Straminergon stramineum",TRUE
"Styllaria","Styllaria","Styllaria",FALSE
"Swertia perennis","Swertia","Swertia perennis",TRUE
"Syntrichia ruralis","Syntrichia","Syntrichia ruralis",TRUE
"Taraxacum","Taraxacum","Taraxacum",FALSE
"Taraxacum alpinum","Taraxacum","Taraxacum alpinum",TRUE
"Taraxacum ceratophorum","Taraxacum","Taraxacum ceratophorum",TRUE
"Taraxacum confusum","Taraxacum","Taraxacum confusum",TRUE
"Taraxacum croceum","Taraxacum","Taraxacum croceum",TRUE
"Taraxacum mongolicum","Taraxacum","Taraxacum mongolicum",TRUE
"Taraxacum stevenii","Taraxacum","Taraxacum stevenii",TRUE
"Tayloria tenuis","Tayloria","Tayloria tenuis",TRUE
"Tephroseris aurantiaca","Tephroseris","Tephroseris aurantiaca",TRUE
"Tephroseris integrifolia","Tephroseris","Tephroseris integrifolia",TRUE
"Tephroseris lindstroemii","Tephroseris","Tephroseris lindstroemii",TRUE
"Tetralophozia setiformis","Tetralophozia","Tetralophozia setiformis",TRUE
"Tetraneuris acaulis","Tetraneuris","Tetraneuris acaulis",TRUE
"Tetraplodon paradoxus","Tetraplodon","Tetraplodon paradoxus",TRUE
"Thalictrum alpinum","Thalictrum","Thalictrum alpinum",TRUE
"Thamnolia","Thamnolia","Thamnolia",FALSE
"Thamnolia ","Thamnolia","Thamnolia",FALSE
"Thamnolia subuliformis","Thamnolia","Thamnolia subuliformis",TRUE
"Thamnolia vermicularis","Thamnolia","Thamnolia vermicularis",TRUE
"Thlaspi montanum","Thlaspi","Thlaspi montanum",TRUE
"Thymus praecox","Thymus","Thymus praecox",TRUE
"Thymus reverdattoanus","Thymus","Thymus reverdattoanus",TRUE
"Tibetia himalaica","Tibetia","Tibetia himalaica",TRUE
"Tibetiodes flaccida","Tibetiodes","Tibetiodes flaccida",TRUE
"Tilingia ajanensis","Tilingia","Tilingia ajanensis",TRUE
"Timmia austriaca","Timmia","Timmia austriaca",TRUE
"Toensbergia geminipara","Toensbergia","Toensbergia geminipara",TRUE
"Tofieldia ","Tofieldia","Tofieldia",FALSE
"Tofieldia coccinea","Tofieldia","Tofieldia coccinea",TRUE
"Tofieldia pusilla","Tofieldia","Tofieldia pusilla",TRUE
"Tomentypnum","Tomentypnum","Tomentypnum",FALSE
"Tomentypnum nitens","Tomentypnum","Tomentypnum nitens",TRUE
"Tonestus pygmaeus","Tonestus","Tonestus pygmaeus",TRUE
"Tortella fragilis","Tortella","Tortella fragilis",TRUE
"Tortella tortuosa","Tortella","Tortella tortuosa",TRUE
"Tortula","Tortula","Tortula",FALSE
"Tortula ","Tortula","Tortula",FALSE
"Tortula hoppeana","Tortula","Tortula hoppeana",TRUE
"Tortula laureri","Tortula","Tortula laureri",TRUE
"Trachymene humilis","Trachymene","Trachymene humilis",TRUE
"Trichophorum caespitosum","Trichophorum","Trichophorum caespitosum",TRUE
"Trichophorum cespitosum","Trichophorum","Trichophorum cespitosum",TRUE
"Trichophorum distigmaticum","Trichophorum","Trichophorum distigmaticum",TRUE
"Trientalis europaea","Trientalis","Trientalis europaea",TRUE
"Trifolium dasyphyllum","Trifolium","Trifolium dasyphyllum",TRUE
"Trifolium lupinaster","Trifolium","Trifolium lupinaster",TRUE
"Trifolium nanum","Trifolium","Trifolium nanum",TRUE
"Trifolium parryi","Trifolium","Trifolium parryi",TRUE
"Trifolium polyphyllum","Trifolium","Trifolium polyphyllum",TRUE
"Trifolium repens","Trifolium","Trifolium repens",TRUE
"Trigonella ruthenica","Trigonella","Trigonella ruthenica",TRUE
"Trilophozia quinquedentata","Trilophozia","Trilophozia quinquedentata",TRUE
"Tripleurospermum caucasicum","Tripleurospermum","Tripleurospermum caucasicum",TRUE
"Trisetum","Trisetum","Trisetum",FALSE
"Trollius europaeus","Trollius","Trollius europaeus",TRUE
"Trollius japonicus","Trollius","Trollius japonicus",TRUE
"Trollius laxus","Trollius","Trollius laxus",TRUE
"Turanecio taraxacifolius","Turanecio","Turanecio taraxacifolius",TRUE
"Umbilicaria","Umbilicaria","Umbilicaria",FALSE
"Umbilicaria ","Umbilicaria","Umbilicaria",FALSE
"Umbilicaria krascheninnikovii","Umbilicaria","Umbilicaria krascheninnikovii",TRUE
"unindentified liverworts","unindentified","unindentified liverworts",TRUE
"UNK ","UNK","UNK",FALSE
"Unknown ","Unknown","Unknown",FALSE
"Vaccinium microcarpum","Vaccinium","Vaccinium microcarpum",TRUE
"Vaccinium myrtillus","Vaccinium","Vaccinium myrtillus",TRUE
"Vaccinium oxycoccos","Vaccinium","Vaccinium oxycoccos",TRUE
"Vaccinium uliginosum","Vaccinium","Vaccinium uliginosum",TRUE
"Vaccinium vitis","Vaccinium","Vaccinium vitis",TRUE
"Vaccinium vitis-idaea","Vaccinium","Vaccinium vitis-idaea",TRUE
"Vahlodea atropurpurea","Vahlodea","Vahlodea atropurpurea",TRUE
"Valeriana capitata","Valeriana","Valeriana capitata",TRUE
"Valeriana sitchensis","Valeriana","Valeriana sitchensis",TRUE
"Varicellaria rhodocarpa","Varicellaria","Varicellaria rhodocarpa",TRUE
"Veratrum oxysepalum","Veratrum","Veratrum oxysepalum",TRUE
"Veronica","Veronica","Veronica",FALSE
"Veronica alpina","Veronica","Veronica alpina",TRUE
"Veronica aphylla","Veronica","Veronica aphylla",TRUE
"Veronica fruticans","Veronica","Veronica fruticans",TRUE
"Veronica gentianoides","Veronica","Veronica gentianoides",TRUE
"Veronica officinalis","Veronica","Veronica officinalis",TRUE
"Veronica stelleri","Veronica","Veronica stelleri",TRUE
"Veronica wormskjoldii","Veronica","Veronica wormskjoldii",TRUE
"Vicia cracca","Vicia","Vicia cracca",TRUE
"Viola","Viola","Viola",FALSE
"Viola adunca","Viola","Viola adunca",TRUE
"Viola altaica","Viola","Viola altaica",TRUE
"Viola betonicifolia","Viola","Viola betonicifolia",TRUE
"Viola biflora","Viola","Viola biflora",TRUE
"Viola multifida","Viola","Viola multifida",TRUE
"Viola palustris","Viola","Viola palustris",TRUE
"Viola selkirkii","Viola","Viola selkirkii",TRUE
"Viscaria alpina","Viscaria","Viscaria alpina",TRUE
"Voitia hyperborea","Voitia","Voitia hyperborea",TRUE
"Vulpicida tilesii","Vulpicida","Vulpicida tilesii",TRUE
"Warnstorfia","Warnstorfia","Warnstorfia",FALSE
"Warnstorfia fluitans","Warnstorfia","Warnstorfia fluitans",TRUE
"Warnstorfia pseudostraminea","Warnstorfia","Warnstorfia pseudostraminea",TRUE
"Xanthoparmelia chlorochroa","Xanthoparmelia","Xanthoparmelia chlorochroa",TRUE
"Xanthoparmelia stenophylla","Xanthoparmelia","Xanthoparmelia stenophylla",TRUE
"Xanthoria elegans","Xanthoria","Xanthoria elegans",TRUE
"Xerochrysum subundulatum","Xerochrysum","Xerochrysum subundulatum",TRUE
"XXXACROMOSS","XXXACROMOSS","XXXACROMOSS",FALSE
"XXXALECTORIA","XXXALECTORIA","XXXALECTORIA",FALSE
"XXXALGAE","XXXALGAE","XXXALGAE",FALSE
"XXXALL","XXXALL","XXXALL",FALSE
"XXXANEURA","XXXANEURA","XXXANEURA",FALSE
"XXXAntennaria","XXXAntennaria","XXXAntennaria",FALSE
"XXXANTENNARIA","XXXANTENNARIA","XXXANTENNARIA",FALSE
"XXXANTHELIA","XXXANTHELIA","XXXANTHELIA",FALSE
"XXXASH","XXXASH","XXXASH",FALSE
"XXXasteraceae","XXXasteraceae","XXXasteraceae",FALSE
"XXXAulacomnium","XXXAulacomnium","XXXAulacomnium",FALSE
"XXXAULACOMNIUM","XXXAULACOMNIUM","XXXAULACOMNIUM",FALSE
"XXXBARE","XXXBARE","XXXBARE",FALSE
"XXXbareground","XXXbareground","XXXbareground",FALSE
"XXXBG","XXXBG","XXXBG",FALSE
"XXXBLACKCRUST","XXXBLACKCRUST","XXXBLACKCRUST",FALSE
"XXXBLACRU","XXXBLACRU","XXXBLACRU",FALSE
"XXXBROWNLICHEN","XXXBROWNLICHEN","XXXBROWNLICHEN",FALSE
"XXXBRYOPH","XXXBRYOPH","XXXBRYOPH",FALSE
"XXXcarex","XXXcarex","XXXcarex",FALSE
"XXXCAREX","XXXCAREX","XXXCAREX",FALSE
"XXXCAREX1","XXXCAREX1","XXXCAREX1",FALSE
"XXXCAREX2","XXXCAREX2","XXXCAREX2",FALSE
"XXXCAREX4","XXXCAREX4","XXXCAREX4",FALSE
"XXXCAREX6","XXXCAREX6","XXXCAREX6",FALSE
"XXXCAREX7","XXXCAREX7","XXXCAREX7",FALSE
"XXXcetraria","XXXcetraria","XXXcetraria",FALSE
"XXXcladonia","XXXcladonia","XXXcladonia",FALSE
"XXXCladonia","XXXCladonia","XXXCladonia",FALSE
"XXXCOMP","XXXCOMP","XXXCOMP",FALSE
"XXXCRULIC","XXXCRULIC","XXXCRULIC",FALSE
"XXXCRUST","XXXCRUST","XXXCRUST",FALSE
"XXXCRUST_LICHEN","XXXCRUST_LICHEN","XXXCRUST_LICHEN",FALSE
"XXXcrustous","XXXcrustous","XXXcrustous",FALSE
"XXXDARCRU","XXXDARCRU","XXXDARCRU",FALSE
"XXXDEAD","XXXDEAD","XXXDEAD",FALSE
"XXXDECOMP","XXXDECOMP","XXXDECOMP",FALSE
"XXXDICRANELLA","XXXDICRANELLA","XXXDICRANELLA",FALSE
"XXXDICRANUM","XXXDICRANUM","XXXDICRANUM",FALSE
"XXXDISDIC","XXXDISDIC","XXXDISDIC",FALSE
"XXXDRABA","XXXDRABA","XXXDRABA",FALSE
"XXXDrepanacladus","XXXDrepanacladus","XXXDrepanacladus",FALSE
"XXXDREPANOCLADUS","XXXDREPANOCLADUS","XXXDREPANOCLADUS",FALSE
"XXXDRESP","XXXDRESP","XXXDRESP",FALSE
"XXXDUNG","XXXDUNG","XXXDUNG",FALSE
"XXXDUPONTIA","XXXDUPONTIA","XXXDUPONTIA",FALSE
"XXXEquisetum","XXXEquisetum","XXXEquisetum",FALSE
"XXXERIST","XXXERIST","XXXERIST",FALSE
"XXXFABSPP","XXXFABSPP","XXXFABSPP",FALSE
"XXXFEATHMOSS","XXXFEATHMOSS","XXXFEATHMOSS",FALSE
"XXXFECES","XXXFECES","XXXFECES",FALSE
"XXXFISSIDANS","XXXFISSIDANS","XXXFISSIDANS",FALSE
"XXXFIXED","XXXFIXED","XXXFIXED",FALSE
"XXXFlavocetraria","XXXFlavocetraria","XXXFlavocetraria",FALSE
"XXXFLDBLC","XXXFLDBLC","XXXFLDBLC",FALSE
"XXXFORB","XXXFORB","XXXFORB",FALSE
"XXXfungus","XXXfungus","XXXfungus",FALSE
"XXXFUNGUS","XXXFUNGUS","XXXFUNGUS",FALSE
"XXXGRAEQU","XXXGRAEQU","XXXGRAEQU",FALSE
"XXXGRASS","XXXGRASS","XXXGRASS",FALSE
"XXXGRAVEL","XXXGRAVEL","XXXGRAVEL",FALSE
"XXXGRUBHOLES","XXXGRUBHOLES","XXXGRUBHOLES",FALSE
"XXXHEPATIC","XXXHEPATIC","XXXHEPATIC",FALSE
"XXXHepatophyte","XXXHepatophyte","XXXHepatophyte",FALSE
"XXXHIERACIUM","XXXHIERACIUM","XXXHIERACIUM",FALSE
"XXXHOLE","XXXHOLE","XXXHOLE",FALSE
"XXXkobresia","XXXkobresia","XXXkobresia",FALSE
"XXXLEGSPP","XXXLEGSPP","XXXLEGSPP",FALSE
"XXXLFOLI","XXXLFOLI","XXXLFOLI",FALSE
"XXXLICBLFRUT","XXXLICBLFRUT","XXXLICBLFRUT",FALSE
"XXXLICHEN","XXXLICHEN","XXXLICHEN",FALSE
"XXXLICHENSPP","XXXLICHENSPP","XXXLICHENSPP",FALSE
"XXXLICHENU","XXXLICHENU","XXXLICHENU",FALSE
"XXXLITTER","XXXLITTER","XXXLITTER",FALSE
"XXXLIVERLE","XXXLIVERLE","XXXLIVERLE",FALSE
"XXXLIVERU","XXXLIVERU","XXXLIVERU",FALSE
"XXXliverwort","XXXliverwort","XXXliverwort",FALSE
"XXXLOBEDMOSS","XXXLOBEDMOSS","XXXLOBEDMOSS",FALSE
"XXXluzula","XXXluzula","XXXluzula",FALSE
"XXXLUZULA","XXXLUZULA","XXXLUZULA",FALSE
"XXXMACRO","XXXMACRO","XXXMACRO",FALSE
"XXXMARKER","XXXMARKER","XXXMARKER",FALSE
"XXXMISSING","XXXMISSING","XXXMISSING",FALSE
"XXXmoss","XXXmoss","XXXmoss",FALSE
"XXXMOSS","XXXMOSS","XXXMOSS",FALSE
"XXXMOSS+LICHEN","XXXMOSS+LICHEN","XXXMOSS+LICHEN",FALSE
"XXXMPLEUR","XXXMPLEUR","XXXMPLEUR",FALSE
"XXXMUD","XXXMUD","XXXMUD",FALSE
"XXXMUSHROOM","XXXMUSHROOM","XXXMUSHROOM",FALSE
"XXXNA","XXXNA","XXXNA",FALSE
"XXXNEPPEL","XXXNEPPEL","XXXNEPPEL",FALSE
"XXXNODATA","XXXNODATA","XXXNODATA",FALSE
"XXXNONVASC","XXXNONVASC","XXXNONVASC",FALSE
"XXXORANGELICHEN","XXXORANGELICHEN","XXXORANGELICHEN",FALSE
"XXXORBRLI","XXXORBRLI","XXXORBRLI",FALSE
"XXXORCHID","XXXORCHID","XXXORCHID",FALSE
"XXXORGCRU","XXXORGCRU","XXXORGCRU",FALSE
"XXXORGWET","XXXORGWET","XXXORGWET",FALSE
"XXXOTHER","XXXOTHER","XXXOTHER",FALSE
"XXXotheraster","XXXotheraster","XXXotheraster",FALSE
"XXXotherforb","XXXotherforb","XXXotherforb",FALSE
"XXXotherfungus","XXXotherfungus","XXXotherfungus",FALSE
"XXXothergram","XXXothergram","XXXothergram",FALSE
"XXXotherherb","XXXotherherb","XXXotherherb",FALSE
"XXXotherlichen","XXXotherlichen","XXXotherlichen",FALSE
"XXXothermoss","XXXothermoss","XXXothermoss",FALSE
"XXXoxytropis","XXXoxytropis","XXXoxytropis",FALSE
"XXXPARMELIA","XXXPARMELIA","XXXPARMELIA",FALSE
"XXXpedicularis","XXXpedicularis","XXXpedicularis",FALSE
"XXXpeltigera","XXXpeltigera","XXXpeltigera",FALSE
"XXXPeltigera","XXXPeltigera","XXXPeltigera",FALSE
"XXXPERUSA","XXXPERUSA","XXXPERUSA",FALSE
"XXXPKBTLC","XXXPKBTLC","XXXPKBTLC",FALSE
"XXXPLANT","XXXPLANT","XXXPLANT",FALSE
"XXXPOA","XXXPOA","XXXPOA",FALSE
"XXXPogonatum","XXXPogonatum","XXXPogonatum",FALSE
"XXXPOHLIA","XXXPOHLIA","XXXPOHLIA",FALSE
"XXXPOHSPP","XXXPOHSPP","XXXPOHSPP",FALSE
"XXXPOLYGSPP","XXXPOLYGSPP","XXXPOLYGSPP",FALSE
"XXXPolytrichum","XXXPolytrichum","XXXPolytrichum",FALSE
"XXXPOO","XXXPOO","XXXPOO",FALSE
"XXXPOOBIRD","XXXPOOBIRD","XXXPOOBIRD",FALSE
"XXXPOOCARIBOU","XXXPOOCARIBOU","XXXPOOCARIBOU",FALSE
"XXXPOOFOX","XXXPOOFOX","XXXPOOFOX",FALSE
"XXXPOOGOOSE","XXXPOOGOOSE","XXXPOOGOOSE",FALSE
"XXXPOOLEMMING","XXXPOOLEMMING","XXXPOOLEMMING",FALSE
"XXXPyrola","XXXPyrola","XXXPyrola",FALSE
"XXXRacomitrium","XXXRacomitrium","XXXRacomitrium",FALSE
"XXXrock","XXXrock","XXXrock",FALSE
"XXXROCK","XXXROCK","XXXROCK",FALSE
"XXXRUSH","XXXRUSH","XXXRUSH",FALSE
"XXXRYTIDOSPERMA","XXXRYTIDOSPERMA","XXXRYTIDOSPERMA",FALSE
"XXXSAGINA","XXXSAGINA","XXXSAGINA",FALSE
"XXXSalix","XXXSalix","XXXSalix",FALSE
"XXXSALIX","XXXSALIX","XXXSALIX",FALSE
"XXXSAND","XXXSAND","XXXSAND",FALSE
"XXXSAXIFRAGA","XXXSAXIFRAGA","XXXSAXIFRAGA",FALSE
"XXXSDECI","XXXSDECI","XXXSDECI",FALSE
"XXXSDM","XXXSDM","XXXSDM",FALSE
"XXXSEDGE","XXXSEDGE","XXXSEDGE",FALSE
"XXXSEEDLING","XXXSEEDLING","XXXSEEDLING",FALSE
"XXXSEVER","XXXSEVER","XXXSEVER",FALSE
"XXXSHRUB","XXXSHRUB","XXXSHRUB",FALSE
"XXXSphagnum","XXXSphagnum","XXXSphagnum",FALSE
"Xxxspider","Xxxspider","Xxxspider",FALSE
"XXXspider","XXXspider","XXXspider",FALSE
"XXXSTAKE","XXXSTAKE","XXXSTAKE",FALSE
"XXXSTAKEHOLD","XXXSTAKEHOLD","XXXSTAKEHOLD",FALSE
"XXXstandingwater","XXXstandingwater","XXXstandingwater",FALSE
"XXXSTELLARIA","XXXSTELLARIA","XXXSTELLARIA",FALSE
"XXXStereocaulon","XXXStereocaulon","XXXStereocaulon",FALSE
"XXXSTONE","XXXSTONE","XXXSTONE",FALSE
"XXXTAG","XXXTAG","XXXTAG",FALSE
"XXXTAPE","XXXTAPE","XXXTAPE",FALSE
"XXXTaraxacum","XXXTaraxacum","XXXTaraxacum",FALSE
"XXXTARAXACUM","XXXTARAXACUM","XXXTARAXACUM",FALSE
"XXXTofieldia","XXXTofieldia","XXXTofieldia",FALSE
"XXXTUBE","XXXTUBE","XXXTUBE",FALSE
"XXXUNIFOR","XXXUNIFOR","XXXUNIFOR",FALSE
"XXXUNKALG","XXXUNKALG","XXXUNKALG",FALSE
"XXXUNKCRUBLA","XXXUNKCRUBLA","XXXUNKCRUBLA",FALSE
"XXXUNKCRULIC","XXXUNKCRULIC","XXXUNKCRULIC",FALSE
"XXXUNKDIC","XXXUNKDIC","XXXUNKDIC",FALSE
"XXXUNKFOLLIC","XXXUNKFOLLIC","XXXUNKFOLLIC",FALSE
"XXXUNKFRULIC","XXXUNKFRULIC","XXXUNKFRULIC",FALSE
"XXXUNKGELLIC","XXXUNKGELLIC","XXXUNKGELLIC",FALSE
"XXXunkgram","XXXunkgram","XXXunkgram",FALSE
"XXXUNKLCR","XXXUNKLCR","XXXUNKLCR",FALSE
"XXXUNKMON","XXXUNKMON","XXXUNKMON",FALSE
"XXXUNKNOWN","XXXUNKNOWN","XXXUNKNOWN",FALSE
"XXXUNKNOWNCOMPOSITE","XXXUNKNOWNCOMPOSITE","XXXUNKNOWNCOMPOSITE",FALSE
"XXXunkOxytropis","XXXunkOxytropis","XXXunkOxytropis",FALSE
"XXXUNKSHRUB","XXXUNKSHRUB","XXXUNKSHRUB",FALSE
"XXXunkwoody","XXXunkwoody","XXXunkwoody",FALSE
"XXXVASC","XXXVASC","XXXVASC",FALSE
"XXXVIOLA","XXXVIOLA","XXXVIOLA",FALSE
"XXXWANSTO","XXXWANSTO","XXXWANSTO",FALSE
"XXXWATER","XXXWATER","XXXWATER",FALSE
"XXXWHITECRUST","XXXWHITECRUST","XXXWHITECRUST",FALSE
"XXXWOODYDRYAS","XXXWOODYDRYAS","XXXWOODYDRYAS",FALSE
"XXXWOOL","XXXWOOL","XXXWOOL",FALSE
"XXXXXX","XXXXXX","XXXXXX",FALSE
